"HTN","smoking","gender","age","race","army.service","edu","married.living.with.partner","income.to.poverty","birth.country","family.size"
0,0,2,44,"Other Hispanic",0,"High school",1,1.41,"Other",7
1,0,2,68,"Non-Hispanic White",0,"Some college or above",0,1.32,"Born in 50 US states or Washington, DC",1
1,1,2,27,"Non-Hispanic Black",0,"Some college or above",1,0.81,"Born in 50 US states or Washington, DC",5
0,0,2,31,"Non-Hispanic White",1,"High school",1,2.16,"Born in 50 US states or Washington, DC",5
0,1,2,33,"Non-Hispanic White",0,"High school",0,0.93,"Born in 50 US states or Washington, DC",3
1,0,2,74,"Non-Hispanic White",0,"Some college or above",1,3.04,"Born in 50 US states or Washington, DC",2
1,0,1,39,"Non-Hispanic White",0,"Some college or above",1,5,"Born in 50 US states or Washington, DC",3
0,0,1,51,"Non-Hispanic White",0,"Some college or above",1,5,"Born in 50 US states or Washington, DC",4
0,0,2,33,"Other",0,"High school",0,1.1,"Born in 50 US states or Washington, DC",1
1,0,2,67,"Non-Hispanic White",0,"High school",1,4.48,"Born in 50 US states or Washington, DC",2
0,0,1,47,"Mexican American",0,"High school",1,1.67,"Other",2
0,0,1,68,"Non-Hispanic White",0,"Some college or above",1,5,"Born in 50 US states or Washington, DC",2
0,0,2,73,"Non-Hispanic White",0,"Some college or above",0,4.42,"Born in 50 US states or Washington, DC",1
0,1,2,26,"Non-Hispanic White",0,"High school",1,3.22,"Born in 50 US states or Washington, DC",3
0,0,1,68,"Non-Hispanic White",0,"Some college or above",1,3.14,"Born in 50 US states or Washington, DC",2
0,0,2,67,"Other Hispanic",0,"Less than high school degree",1,0.05,"Other",3
1,0,1,53,"Non-Hispanic White",1,"High school",1,0.2,"Born in 50 US states or Washington, DC",6
1,0,1,66,"Non-Hispanic White",1,"Some college or above",1,3.82,"Born in 50 US states or Washington, DC",2
1,0,2,68,"Non-Hispanic White",0,"Some college or above",1,1.91,"Born in 50 US states or Washington, DC",1
1,1,1,67,"Mexican American",0,"Less than high school degree",0,0.88,"Born in 50 US states or Washington, DC",1
0,0,2,27,"Non-Hispanic White",0,"Some college or above",0,3.43,"Born in 50 US states or Washington, DC",5
1,0,2,80,"Mexican American",0,"Less than high school degree",1,1.19,"Other",7
1,0,1,54,"Other",0,"High school",0,0.67,"Born in 50 US states or Washington, DC",1
0,0,1,50,"Non-Hispanic White",0,"Some college or above",1,5,"Born in 50 US states or Washington, DC",2
0,0,1,63,"Other Hispanic",0,"High school",1,5,"Born in 50 US states or Washington, DC",2
0,0,2,33,"Non-Hispanic Asian",0,"Some college or above",1,5,"Other",4
1,0,1,43,"Non-Hispanic White",0,"Some college or above",0,5,"Born in 50 US states or Washington, DC",1
0,0,1,41,"Non-Hispanic White",0,"Less than high school degree",1,0.65,"Born in 50 US states or Washington, DC",7
0,0,2,77,"Non-Hispanic White",0,"High school",0,4.36,"Born in 50 US states or Washington, DC",1
1,0,2,71,"Non-Hispanic White",0,"Some college or above",0,5,"Born in 50 US states or Washington, DC",2
0,1,1,53,"Other Hispanic",0,"Some college or above",1,1.08,"Other",6
0,0,2,26,"Other",0,"Some college or above",1,5,"Other",2
1,0,2,55,"Non-Hispanic White",0,"Some college or above",1,5,"Born in 50 US states or Washington, DC",3
0,0,1,50,"Non-Hispanic White",0,"Some college or above",1,5,"Born in 50 US states or Washington, DC",5
0,0,2,22,"Non-Hispanic White",0,"Some college or above",0,1.27,"Born in 50 US states or Washington, DC",1
1,1,2,69,"Other",0,"Some college or above",1,0.79,"Born in 50 US states or Washington, DC",2
0,0,2,73,"Non-Hispanic White",0,"Some college or above",1,1.52,"Born in 50 US states or Washington, DC",2
0,1,1,60,"Non-Hispanic White",1,"High school",0,0.96,"Born in 50 US states or Washington, DC",1
1,0,1,71,"Non-Hispanic White",0,"Some college or above",1,4.06,"Born in 50 US states or Washington, DC",2
1,0,1,75,"Non-Hispanic White",1,"Some college or above",1,3.44,"Born in 50 US states or Washington, DC",2
1,0,2,67,"Other",0,"Some college or above",0,3.43,"Born in 50 US states or Washington, DC",1
0,0,2,22,"Non-Hispanic Black",0,"Some college or above",0,2.43,"Born in 50 US states or Washington, DC",1
0,1,2,69,"Non-Hispanic White",0,"High school",1,0.73,"Born in 50 US states or Washington, DC",3
1,0,2,51,"Other",0,"Some college or above",1,5,"Born in 50 US states or Washington, DC",4
0,0,2,54,"Other Hispanic",0,"Some college or above",1,1.64,"Other",3
0,0,1,30,"Non-Hispanic White",0,"Some college or above",0,3.02,"Born in 50 US states or Washington, DC",3
0,0,1,29,"Non-Hispanic Black",0,"Some college or above",1,5,"Other",2
0,1,1,58,"Non-Hispanic White",0,"Less than high school degree",0,1.46,"Born in 50 US states or Washington, DC",1
0,0,2,61,"Non-Hispanic White",0,"Some college or above",1,5,"Born in 50 US states or Washington, DC",2
1,0,1,79,"Non-Hispanic White",0,"Some college or above",1,4.31,"Born in 50 US states or Washington, DC",2
0,0,2,69,"Non-Hispanic White",0,"Some college or above",0,1.23,"Born in 50 US states or Washington, DC",1
1,0,1,80,"Non-Hispanic White",0,"Some college or above",0,4.71,"Born in 50 US states or Washington, DC",4
1,0,1,62,"Non-Hispanic White",0,"Some college or above",1,3.58,"Born in 50 US states or Washington, DC",3
0,0,1,63,"Non-Hispanic White",0,"Some college or above",1,5,"Born in 50 US states or Washington, DC",2
1,0,2,31,"Other",0,"Less than high school degree",0,0.86,"Born in 50 US states or Washington, DC",2
0,0,2,66,"Non-Hispanic White",0,"Some college or above",1,5,"Born in 50 US states or Washington, DC",2
1,0,2,54,"Non-Hispanic Black",0,"Less than high school degree",0,0.92,"Born in 50 US states or Washington, DC",1
1,0,2,28,"Non-Hispanic Black",0,"Some college or above",1,5,"Born in 50 US states or Washington, DC",4
0,0,1,64,"Non-Hispanic White",0,"Some college or above",1,5,"Born in 50 US states or Washington, DC",4
0,1,1,69,"Non-Hispanic White",1,"Some college or above",0,0.92,"Born in 50 US states or Washington, DC",1
0,0,1,66,"Non-Hispanic White",0,"Some college or above",1,5,"Born in 50 US states or Washington, DC",2
1,0,2,63,"Mexican American",0,"Less than high school degree",1,0.51,"Other",2
0,0,1,78,"Other Hispanic",1,"Some college or above",1,4.62,"Other",2
1,0,1,66,"Non-Hispanic White",0,"Some college or above",0,0.07,"Born in 50 US states or Washington, DC",1
0,0,2,47,"Mexican American",0,"Less than high school degree",1,1.41,"Other",4
1,0,1,56,"Other Hispanic",0,"Less than high school degree",1,1.2,"Other",2
0,0,2,65,"Non-Hispanic Asian",0,"Less than high school degree",0,3.97,"Other",6
1,0,2,61,"Non-Hispanic Black",0,"Less than high school degree",0,1.66,"Born in 50 US states or Washington, DC",1
1,0,2,51,"Non-Hispanic Black",0,"High school",0,3.24,"Born in 50 US states or Washington, DC",1
0,0,1,32,"Other",0,"Some college or above",1,2.16,"Born in 50 US states or Washington, DC",4
1,0,1,60,"Non-Hispanic Black",0,"Some college or above",0,2.61,"Other",3
1,0,1,58,"Non-Hispanic Black",0,"High school",0,0.69,"Born in 50 US states or Washington, DC",1
1,1,2,51,"Non-Hispanic White",1,"Some college or above",1,4.08,"Born in 50 US states or Washington, DC",5
1,1,1,42,"Non-Hispanic Black",0,"Less than high school degree",0,0.57,"Born in 50 US states or Washington, DC",4
0,0,2,56,"Non-Hispanic White",0,"High school",1,4.54,"Born in 50 US states or Washington, DC",2
0,0,2,29,"Non-Hispanic White",0,"High school",1,4.68,"Born in 50 US states or Washington, DC",4
0,1,1,43,"Non-Hispanic White",0,"Some college or above",0,5,"Born in 50 US states or Washington, DC",1
0,0,2,36,"Non-Hispanic White",0,"Some college or above",1,5,"Born in 50 US states or Washington, DC",2
1,0,1,68,"Non-Hispanic White",0,"Some college or above",1,5,"Born in 50 US states or Washington, DC",2
0,0,2,46,"Non-Hispanic White",0,"Some college or above",1,3.7,"Born in 50 US states or Washington, DC",5
0,1,1,22,"Other Hispanic",0,"Some college or above",0,2.52,"Other",4
0,0,1,73,"Non-Hispanic White",0,"Some college or above",1,5,"Born in 50 US states or Washington, DC",2
0,0,1,61,"Mexican American",1,"Some college or above",0,5,"Born in 50 US states or Washington, DC",1
0,0,2,31,"Non-Hispanic Black",0,"Some college or above",0,0.23,"Born in 50 US states or Washington, DC",7
1,0,1,43,"Non-Hispanic Asian",0,"Some college or above",1,5,"Other",7
0,0,2,30,"Mexican American",0,"Some college or above",0,3.02,"Born in 50 US states or Washington, DC",3
0,0,2,47,"Other Hispanic",0,"Some college or above",0,0.39,"Born in 50 US states or Washington, DC",1
1,0,2,80,"Non-Hispanic White",0,"High school",0,3.68,"Born in 50 US states or Washington, DC",1
0,0,2,72,"Mexican American",0,"Some college or above",0,2.29,"Other",6
0,0,1,69,"Non-Hispanic White",0,"Some college or above",1,5,"Born in 50 US states or Washington, DC",2
0,0,2,64,"Other Hispanic",0,"Less than high school degree",0,1.01,"Other",1
1,0,1,69,"Other Hispanic",0,"High school",1,0.77,"Other",4
1,1,2,52,"Non-Hispanic Black",0,"High school",1,0.85,"Born in 50 US states or Washington, DC",3
1,1,1,37,"Non-Hispanic White",0,"High school",1,0.89,"Born in 50 US states or Washington, DC",3
1,0,1,57,"Non-Hispanic White",0,"High school",1,3.28,"Born in 50 US states or Washington, DC",2
1,0,2,70,"Non-Hispanic White",0,"Some college or above",1,1.61,"Born in 50 US states or Washington, DC",3
0,0,2,25,"Non-Hispanic White",0,"Some college or above",1,1.84,"Born in 50 US states or Washington, DC",2
1,1,2,68,"Non-Hispanic White",0,"Some college or above",0,2.21,"Born in 50 US states or Washington, DC",2
0,0,2,25,"Mexican American",0,"Some college or above",0,1.37,"Born in 50 US states or Washington, DC",5
0,1,2,62,"Non-Hispanic White",0,"Some college or above",1,5,"Born in 50 US states or Washington, DC",2
0,1,1,58,"Non-Hispanic Black",0,"Less than high school degree",0,1.4,"Born in 50 US states or Washington, DC",1
1,0,2,72,"Other",0,"Some college or above",1,2.17,"Other",3
0,0,2,32,"Non-Hispanic White",0,"Some college or above",1,5,"Born in 50 US states or Washington, DC",4
1,1,2,44,"Other",0,"Some college or above",1,3.18,"Born in 50 US states or Washington, DC",2
0,0,2,20,"Non-Hispanic White",0,"High school",0,1.91,"Born in 50 US states or Washington, DC",1
0,0,2,33,"Non-Hispanic Asian",0,"Some college or above",0,3.09,"Other",1
1,1,2,51,"Other",0,"Less than high school degree",0,1.09,"Born in 50 US states or Washington, DC",2
1,0,1,64,"Non-Hispanic White",0,"Some college or above",1,5,"Born in 50 US states or Washington, DC",2
0,0,2,22,"Non-Hispanic White",0,"Some college or above",0,4.37,"Born in 50 US states or Washington, DC",2
0,0,2,58,"Non-Hispanic White",0,"Some college or above",1,5,"Born in 50 US states or Washington, DC",2
1,0,2,77,"Non-Hispanic White",0,"Some college or above",0,2.87,"Born in 50 US states or Washington, DC",1
0,0,2,28,"Other Hispanic",0,"High school",1,1.44,"Other",2
1,0,1,69,"Non-Hispanic White",0,"Some college or above",0,4.42,"Born in 50 US states or Washington, DC",1
0,1,1,48,"Non-Hispanic White",0,"High school",0,3.88,"Born in 50 US states or Washington, DC",2
0,0,2,68,"Non-Hispanic Black",0,"Some college or above",0,2.13,"Born in 50 US states or Washington, DC",1
0,0,1,65,"Mexican American",0,"Less than high school degree",1,1.51,"Born in 50 US states or Washington, DC",2
0,0,2,46,"Non-Hispanic White",0,"Some college or above",1,0.79,"Born in 50 US states or Washington, DC",3
1,0,2,76,"Non-Hispanic White",0,"Some college or above",1,5,"Born in 50 US states or Washington, DC",2
1,0,1,64,"Mexican American",0,"Less than high school degree",1,1.26,"Other",2
1,0,2,33,"Mexican American",0,"Some college or above",1,1.81,"Born in 50 US states or Washington, DC",3
0,0,1,36,"Non-Hispanic White",0,"Some college or above",1,4.32,"Born in 50 US states or Washington, DC",4
0,1,2,43,"Non-Hispanic White",0,"Some college or above",0,1.91,"Born in 50 US states or Washington, DC",2
1,0,2,70,"Non-Hispanic Black",0,"Some college or above",1,1.62,"Born in 50 US states or Washington, DC",4
0,0,1,22,"Non-Hispanic White",0,"Some college or above",1,1.48,"Born in 50 US states or Washington, DC",2
0,1,1,57,"Non-Hispanic Black",0,"High school",0,1.61,"Born in 50 US states or Washington, DC",4
0,1,2,50,"Non-Hispanic White",0,"Some college or above",1,0.23,"Born in 50 US states or Washington, DC",2
0,0,1,67,"Non-Hispanic White",0,"Some college or above",1,5,"Born in 50 US states or Washington, DC",3
0,0,2,40,"Other Hispanic",0,"High school",0,0.75,"Other",4
0,0,1,30,"Non-Hispanic White",1,"High school",0,0,"Born in 50 US states or Washington, DC",1
1,1,2,58,"Non-Hispanic Black",0,"Less than high school degree",1,1.39,"Born in 50 US states or Washington, DC",2
1,1,1,66,"Non-Hispanic Black",0,"Some college or above",1,1.84,"Born in 50 US states or Washington, DC",2
0,1,1,33,"Non-Hispanic Black",0,"High school",1,1.69,"Born in 50 US states or Washington, DC",5
0,0,1,39,"Non-Hispanic White",0,"Some college or above",0,5,"Born in 50 US states or Washington, DC",1
0,1,1,47,"Non-Hispanic White",0,"High school",1,3.45,"Born in 50 US states or Washington, DC",2
0,1,1,56,"Other Hispanic",0,"High school",1,0.88,"Born in 50 US states or Washington, DC",1
1,0,2,63,"Non-Hispanic White",0,"Some college or above",1,4.37,"Born in 50 US states or Washington, DC",2
1,0,1,52,"Non-Hispanic White",0,"Less than high school degree",0,0.92,"Born in 50 US states or Washington, DC",2
0,0,2,35,"Non-Hispanic White",0,"High school",0,0.65,"Born in 50 US states or Washington, DC",5
1,0,2,77,"Non-Hispanic Asian",0,"Less than high school degree",0,3.11,"Other",2
1,1,2,60,"Non-Hispanic Black",0,"High school",1,0.66,"Born in 50 US states or Washington, DC",2
1,0,1,59,"Other Hispanic",0,"Some college or above",1,0.85,"Other",3
0,0,1,51,"Non-Hispanic Black",0,"Some college or above",0,2.58,"Born in 50 US states or Washington, DC",1
0,0,2,36,"Non-Hispanic White",0,"High school",0,2.8,"Born in 50 US states or Washington, DC",1
1,0,2,79,"Non-Hispanic White",0,"Some college or above",1,3.3,"Born in 50 US states or Washington, DC",2
0,0,1,33,"Non-Hispanic White",0,"Some college or above",1,5,"Born in 50 US states or Washington, DC",2
0,0,2,22,"Non-Hispanic Asian",0,"Less than high school degree",0,0,"Other",3
1,0,2,73,"Non-Hispanic White",0,"Less than high school degree",1,3.55,"Born in 50 US states or Washington, DC",2
0,0,1,62,"Non-Hispanic White",1,"Some college or above",1,4.23,"Born in 50 US states or Washington, DC",3
0,0,2,42,"Non-Hispanic White",0,"Some college or above",1,3.68,"Born in 50 US states or Washington, DC",4
0,0,2,45,"Non-Hispanic White",0,"Some college or above",0,5,"Born in 50 US states or Washington, DC",1
0,0,1,60,"Non-Hispanic White",0,"Some college or above",1,5,"Born in 50 US states or Washington, DC",2
1,1,1,56,"Mexican American",0,"High school",0,0.88,"Born in 50 US states or Washington, DC",1
0,0,1,27,"Non-Hispanic White",0,"Some college or above",1,4.83,"Born in 50 US states or Washington, DC",3
0,0,1,46,"Non-Hispanic White",0,"Some college or above",1,1.1,"Born in 50 US states or Washington, DC",4
1,0,1,72,"Non-Hispanic White",1,"Some college or above",1,5,"Born in 50 US states or Washington, DC",2
1,0,1,80,"Non-Hispanic White",1,"High school",1,3.28,"Born in 50 US states or Washington, DC",2
0,0,2,49,"Non-Hispanic White",0,"High school",1,0.94,"Born in 50 US states or Washington, DC",4
1,0,1,71,"Non-Hispanic White",0,"Some college or above",1,2.54,"Born in 50 US states or Washington, DC",2
1,0,2,39,"Non-Hispanic White",0,"Some college or above",1,2.88,"Born in 50 US states or Washington, DC",4
1,0,1,67,"Non-Hispanic White",0,"Some college or above",1,3.82,"Born in 50 US states or Washington, DC",2
0,0,2,46,"Non-Hispanic White",0,"Some college or above",1,5,"Born in 50 US states or Washington, DC",3
1,0,1,60,"Other Hispanic",0,"Some college or above",1,3.69,"Born in 50 US states or Washington, DC",4
0,0,2,40,"Mexican American",0,"Less than high school degree",1,2.5,"Other",4
1,0,1,28,"Non-Hispanic White",0,"High school",1,2.15,"Born in 50 US states or Washington, DC",4
1,0,2,70,"Non-Hispanic White",0,"Some college or above",1,4.69,"Born in 50 US states or Washington, DC",2
0,0,2,34,"Non-Hispanic White",0,"High school",1,1.12,"Born in 50 US states or Washington, DC",3
1,0,2,51,"Non-Hispanic White",0,"Some college or above",1,5,"Born in 50 US states or Washington, DC",3
1,0,2,79,"Non-Hispanic White",0,"Less than high school degree",1,1.64,"Born in 50 US states or Washington, DC",2
1,0,1,57,"Non-Hispanic White",0,"Some college or above",0,2.21,"Born in 50 US states or Washington, DC",1
0,0,2,67,"Non-Hispanic White",0,"Some college or above",1,2.81,"Born in 50 US states or Washington, DC",2
0,1,2,43,"Non-Hispanic Black",0,"High school",0,0.55,"Born in 50 US states or Washington, DC",5
0,0,1,37,"Non-Hispanic White",0,"Some college or above",1,5,"Born in 50 US states or Washington, DC",3
1,0,2,40,"Other Hispanic",0,"High school",1,0.04,"Other",1
0,0,1,31,"Non-Hispanic White",0,"Some college or above",1,5,"Born in 50 US states or Washington, DC",2
0,0,1,44,"Non-Hispanic Asian",0,"Some college or above",1,5,"Other",4
0,1,1,37,"Other",0,"Some college or above",0,0.41,"Born in 50 US states or Washington, DC",1
0,0,2,44,"Non-Hispanic White",0,"Some college or above",1,5,"Born in 50 US states or Washington, DC",4
1,0,2,66,"Non-Hispanic Asian",0,"Some college or above",1,5,"Other",2
0,0,1,61,"Mexican American",0,"Some college or above",1,2.07,"Born in 50 US states or Washington, DC",4
1,0,1,49,"Non-Hispanic Black",0,"Some college or above",1,0.27,"Born in 50 US states or Washington, DC",7
0,0,1,23,"Non-Hispanic White",0,"Less than high school degree",0,0.58,"Born in 50 US states or Washington, DC",3
0,0,1,37,"Non-Hispanic Asian",0,"Some college or above",1,2.17,"Other",5
0,1,1,32,"Non-Hispanic White",0,"High school",0,2.21,"Born in 50 US states or Washington, DC",1
0,0,2,63,"Non-Hispanic White",0,"Some college or above",0,4.05,"Born in 50 US states or Washington, DC",1
0,0,1,80,"Non-Hispanic White",0,"Less than high school degree",0,0.96,"Born in 50 US states or Washington, DC",2
1,0,2,45,"Non-Hispanic White",0,"Some college or above",1,2.34,"Born in 50 US states or Washington, DC",4
1,0,2,30,"Non-Hispanic Black",0,"Some college or above",0,1.09,"Born in 50 US states or Washington, DC",3
0,0,2,27,"Non-Hispanic White",0,"Some college or above",0,5,"Born in 50 US states or Washington, DC",3
0,0,1,32,"Non-Hispanic White",0,"Some college or above",0,5,"Born in 50 US states or Washington, DC",4
0,0,2,69,"Non-Hispanic White",0,"Some college or above",1,3.3,"Born in 50 US states or Washington, DC",2
0,0,2,58,"Non-Hispanic White",0,"Some college or above",0,5,"Born in 50 US states or Washington, DC",1
0,0,2,51,"Non-Hispanic White",0,"Some college or above",0,5,"Born in 50 US states or Washington, DC",1
0,0,2,35,"Other Hispanic",0,"Some college or above",1,2.38,"Born in 50 US states or Washington, DC",2
1,0,2,37,"Non-Hispanic Black",0,"Some college or above",0,1.39,"Born in 50 US states or Washington, DC",3
1,0,1,71,"Non-Hispanic Black",0,"Less than high school degree",0,0.37,"Born in 50 US states or Washington, DC",1
1,0,2,51,"Mexican American",0,"Some college or above",1,0.96,"Other",2
1,0,2,50,"Other",0,"Some college or above",1,5,"Born in 50 US states or Washington, DC",5
0,0,1,23,"Non-Hispanic Asian",0,"Some college or above",0,2.74,"Born in 50 US states or Washington, DC",1
1,0,1,62,"Non-Hispanic Black",0,"High school",1,5,"Other",5
0,0,1,28,"Non-Hispanic White",0,"Some college or above",0,2.47,"Born in 50 US states or Washington, DC",1
0,0,2,52,"Mexican American",0,"Some college or above",0,2.28,"Other",5
1,0,2,23,"Non-Hispanic White",0,"Some college or above",1,1.53,"Born in 50 US states or Washington, DC",2
0,0,2,63,"Non-Hispanic Black",0,"Some college or above",1,5,"Born in 50 US states or Washington, DC",2
1,0,1,64,"Other",0,"Less than high school degree",1,1.94,"Born in 50 US states or Washington, DC",4
1,0,2,34,"Non-Hispanic Black",0,"Some college or above",0,4.42,"Born in 50 US states or Washington, DC",1
1,1,2,67,"Other Hispanic",0,"Some college or above",1,4.55,"Born in 50 US states or Washington, DC",3
1,0,2,73,"Non-Hispanic White",0,"High school",1,2.32,"Born in 50 US states or Washington, DC",2
1,0,1,58,"Non-Hispanic White",0,"Some college or above",1,5,"Born in 50 US states or Washington, DC",3
1,0,1,73,"Non-Hispanic White",1,"Some college or above",0,3.29,"Born in 50 US states or Washington, DC",1
0,0,2,36,"Non-Hispanic White",0,"Some college or above",1,5,"Born in 50 US states or Washington, DC",3
0,0,2,66,"Non-Hispanic Asian",0,"Some college or above",1,2.59,"Other",2
0,0,2,29,"Non-Hispanic White",0,"High school",0,1.07,"Born in 50 US states or Washington, DC",7
0,0,1,80,"Non-Hispanic White",0,"Some college or above",0,2.62,"Born in 50 US states or Washington, DC",2
0,0,2,64,"Non-Hispanic White",0,"Some college or above",1,5,"Born in 50 US states or Washington, DC",2
1,1,1,43,"Non-Hispanic White",0,"High school",1,4.05,"Born in 50 US states or Washington, DC",3
1,0,1,75,"Non-Hispanic White",0,"Some college or above",0,1.86,"Born in 50 US states or Washington, DC",1
1,1,1,56,"Non-Hispanic Black",0,"Less than high school degree",0,0.75,"Born in 50 US states or Washington, DC",1
0,1,2,35,"Non-Hispanic White",0,"Some college or above",1,2.4,"Born in 50 US states or Washington, DC",4
0,0,1,55,"Non-Hispanic Black",0,"Some college or above",1,0.61,"Other",7
1,0,1,70,"Non-Hispanic Asian",0,"Some college or above",1,5,"Other",2
0,0,2,36,"Non-Hispanic White",1,"Some college or above",0,4.49,"Born in 50 US states or Washington, DC",1
1,0,2,37,"Mexican American",0,"Some college or above",1,5,"Born in 50 US states or Washington, DC",4
1,0,1,60,"Non-Hispanic Black",0,"Some college or above",1,3.6,"Born in 50 US states or Washington, DC",4
0,0,1,63,"Non-Hispanic White",0,"Some college or above",1,5,"Born in 50 US states or Washington, DC",2
1,1,1,61,"Non-Hispanic White",1,"High school",0,0,"Born in 50 US states or Washington, DC",1
1,1,2,52,"Other Hispanic",0,"Less than high school degree",0,1.18,"Born in 50 US states or Washington, DC",2
0,0,2,36,"Non-Hispanic White",0,"Some college or above",1,5,"Born in 50 US states or Washington, DC",3
1,0,1,80,"Non-Hispanic White",1,"Some college or above",1,2.32,"Born in 50 US states or Washington, DC",2
0,1,1,36,"Mexican American",0,"Some college or above",1,3.4,"Other",6
0,0,2,26,"Non-Hispanic White",0,"Some college or above",0,5,"Born in 50 US states or Washington, DC",3
0,1,2,50,"Non-Hispanic White",1,"Less than high school degree",1,4.1,"Born in 50 US states or Washington, DC",2
0,0,2,75,"Non-Hispanic White",0,"Some college or above",1,1.51,"Born in 50 US states or Washington, DC",2
1,0,2,65,"Other Hispanic",0,"Some college or above",0,4.15,"Other",4
0,0,2,57,"Other",0,"Some college or above",1,5,"Born in 50 US states or Washington, DC",3
0,1,2,68,"Non-Hispanic White",0,"Some college or above",0,3.39,"Born in 50 US states or Washington, DC",2
0,1,1,67,"Non-Hispanic White",0,"Less than high school degree",0,0.96,"Born in 50 US states or Washington, DC",1
0,0,2,62,"Other Hispanic",0,"Some college or above",0,2.73,"Other",2
1,0,2,80,"Non-Hispanic White",0,"Some college or above",0,1.65,"Born in 50 US states or Washington, DC",1
0,0,1,80,"Non-Hispanic White",1,"High school",1,1.64,"Born in 50 US states or Washington, DC",2
0,0,1,76,"Non-Hispanic White",0,"Some college or above",1,5,"Born in 50 US states or Washington, DC",2
1,0,1,54,"Non-Hispanic White",0,"Some college or above",0,2.21,"Born in 50 US states or Washington, DC",1
0,1,1,55,"Non-Hispanic White",1,"High school",0,0,"Born in 50 US states or Washington, DC",2
0,0,1,80,"Non-Hispanic White",1,"Some college or above",1,1.91,"Born in 50 US states or Washington, DC",2
1,0,2,64,"Non-Hispanic White",0,"Some college or above",1,2.71,"Other",3
1,0,2,67,"Other Hispanic",0,"High school",0,4.05,"Born in 50 US states or Washington, DC",1
0,0,2,40,"Non-Hispanic White",0,"Some college or above",0,5,"Born in 50 US states or Washington, DC",2
0,0,2,43,"Non-Hispanic Black",0,"High school",0,3.28,"Born in 50 US states or Washington, DC",2
0,0,2,25,"Non-Hispanic Asian",0,"Some college or above",0,3.62,"Born in 50 US states or Washington, DC",3
0,0,1,59,"Non-Hispanic White",0,"Some college or above",1,5,"Born in 50 US states or Washington, DC",2
0,0,2,33,"Other Hispanic",0,"Some college or above",1,5,"Born in 50 US states or Washington, DC",4
1,0,2,80,"Non-Hispanic White",0,"High school",0,1.65,"Born in 50 US states or Washington, DC",1
1,0,1,56,"Other Hispanic",0,"Less than high school degree",0,1.07,"Other",1
1,0,1,43,"Non-Hispanic White",0,"Some college or above",1,5,"Born in 50 US states or Washington, DC",4
0,0,1,34,"Non-Hispanic White",0,"Some college or above",1,2.85,"Born in 50 US states or Washington, DC",5
1,0,1,74,"Non-Hispanic White",0,"Some college or above",1,3.55,"Other",2
1,0,2,65,"Non-Hispanic White",0,"High school",0,0.79,"Born in 50 US states or Washington, DC",1
1,0,2,73,"Other Hispanic",0,"Less than high school degree",1,4.62,"Other",2
0,1,1,59,"Mexican American",0,"Less than high school degree",1,1.9,"Other",2
1,0,2,65,"Non-Hispanic White",0,"Some college or above",1,4.92,"Other",2
1,0,1,71,"Non-Hispanic White",0,"Some college or above",1,3.3,"Born in 50 US states or Washington, DC",2
0,1,1,23,"Other Hispanic",0,"Less than high school degree",0,0.93,"Born in 50 US states or Washington, DC",2
0,0,2,32,"Non-Hispanic White",0,"Some college or above",1,2.31,"Born in 50 US states or Washington, DC",5
1,0,2,78,"Non-Hispanic White",0,"High school",1,2.46,"Born in 50 US states or Washington, DC",2
1,0,2,64,"Non-Hispanic Asian",0,"Less than high school degree",1,2.18,"Other",2
0,1,2,30,"Non-Hispanic White",0,"High school",1,4.4,"Born in 50 US states or Washington, DC",5
0,0,1,35,"Non-Hispanic White",0,"Some college or above",0,3.57,"Born in 50 US states or Washington, DC",1
0,1,2,32,"Non-Hispanic Black",0,"Some college or above",0,0.42,"Born in 50 US states or Washington, DC",3
0,0,1,70,"Non-Hispanic White",0,"Some college or above",0,5,"Born in 50 US states or Washington, DC",1
0,0,1,61,"Non-Hispanic White",0,"Some college or above",1,5,"Other",3
1,0,2,58,"Non-Hispanic White",0,"Some college or above",0,2.33,"Born in 50 US states or Washington, DC",1
0,0,2,67,"Non-Hispanic White",0,"Some college or above",0,4.8,"Born in 50 US states or Washington, DC",1
0,0,2,48,"Other Hispanic",0,"Some college or above",1,3.17,"Other",2
0,0,2,35,"Non-Hispanic White",0,"Some college or above",1,1.78,"Born in 50 US states or Washington, DC",3
0,0,2,20,"Non-Hispanic White",0,"Less than high school degree",0,1.94,"Born in 50 US states or Washington, DC",1
1,1,2,65,"Non-Hispanic White",0,"Some college or above",1,2.86,"Born in 50 US states or Washington, DC",2
1,0,2,53,"Other",0,"Some college or above",0,2.8,"Born in 50 US states or Washington, DC",1
0,1,1,41,"Non-Hispanic White",0,"High school",0,2.33,"Born in 50 US states or Washington, DC",1
0,0,1,48,"Non-Hispanic White",0,"Some college or above",1,5,"Born in 50 US states or Washington, DC",4
0,1,2,36,"Non-Hispanic White",0,"Some college or above",0,2.74,"Born in 50 US states or Washington, DC",1
1,0,2,42,"Non-Hispanic White",0,"High school",1,2.08,"Born in 50 US states or Washington, DC",4
1,0,2,62,"Non-Hispanic Black",0,"High school",1,1.4,"Born in 50 US states or Washington, DC",2
1,0,1,55,"Non-Hispanic White",0,"Some college or above",1,3.44,"Born in 50 US states or Washington, DC",2
0,0,1,63,"Non-Hispanic White",0,"Some college or above",1,5,"Other",2
0,0,1,24,"Non-Hispanic White",1,"Some college or above",1,5,"Born in 50 US states or Washington, DC",2
0,0,2,67,"Non-Hispanic White",0,"High school",1,2.75,"Other",7
0,1,1,36,"Non-Hispanic White",1,"Some college or above",0,3.39,"Born in 50 US states or Washington, DC",2
1,0,1,65,"Non-Hispanic Black",0,"High school",1,1.58,"Born in 50 US states or Washington, DC",2
0,0,2,41,"Non-Hispanic White",0,"Some college or above",0,2.82,"Born in 50 US states or Washington, DC",3
0,1,2,56,"Other Hispanic",0,"High school",0,1.09,"Born in 50 US states or Washington, DC",2
0,0,1,23,"Non-Hispanic White",0,"Some college or above",0,2.33,"Born in 50 US states or Washington, DC",4
1,0,2,73,"Non-Hispanic White",0,"Some college or above",0,4.56,"Born in 50 US states or Washington, DC",2
0,0,1,32,"Non-Hispanic White",0,"Some college or above",0,4.78,"Born in 50 US states or Washington, DC",1
0,0,2,22,"Mexican American",0,"Some college or above",0,0.82,"Born in 50 US states or Washington, DC",5
0,0,1,45,"Non-Hispanic White",0,"Some college or above",1,2.92,"Born in 50 US states or Washington, DC",5
1,0,2,61,"Other Hispanic",0,"Some college or above",1,3.28,"Born in 50 US states or Washington, DC",5
1,0,2,58,"Non-Hispanic White",0,"Some college or above",1,1.12,"Born in 50 US states or Washington, DC",2
0,0,2,27,"Non-Hispanic White",0,"Some college or above",1,2.61,"Born in 50 US states or Washington, DC",3
1,1,2,63,"Non-Hispanic Black",0,"High school",1,0.98,"Born in 50 US states or Washington, DC",2
1,0,1,62,"Non-Hispanic Black",0,"Some college or above",1,4.34,"Born in 50 US states or Washington, DC",3
1,0,2,42,"Non-Hispanic Black",0,"Some college or above",0,4.88,"Born in 50 US states or Washington, DC",2
0,0,2,28,"Non-Hispanic White",0,"Some college or above",0,4.32,"Born in 50 US states or Washington, DC",1
0,0,1,74,"Other Hispanic",0,"Less than high school degree",1,0.75,"Other",1
1,0,2,61,"Non-Hispanic White",0,"Some college or above",1,4.67,"Born in 50 US states or Washington, DC",2
0,0,2,56,"Non-Hispanic White",0,"Some college or above",1,5,"Born in 50 US states or Washington, DC",1
0,0,2,31,"Non-Hispanic White",0,"Some college or above",1,5,"Born in 50 US states or Washington, DC",2
0,0,2,39,"Non-Hispanic White",0,"Some college or above",1,5,"Born in 50 US states or Washington, DC",2
1,0,2,63,"Non-Hispanic Black",0,"Less than high school degree",1,2.11,"Other",3
0,1,2,44,"Non-Hispanic White",1,"Some college or above",0,5,"Born in 50 US states or Washington, DC",1
1,0,2,74,"Non-Hispanic White",0,"Some college or above",1,5,"Born in 50 US states or Washington, DC",3
1,0,2,66,"Non-Hispanic Asian",0,"Some college or above",1,3.66,"Other",2
1,0,2,76,"Non-Hispanic White",0,"Less than high school degree",1,3.28,"Born in 50 US states or Washington, DC",2
0,0,2,67,"Non-Hispanic White",0,"Some college or above",1,2.54,"Born in 50 US states or Washington, DC",2
0,0,1,35,"Non-Hispanic White",0,"Some college or above",1,5,"Born in 50 US states or Washington, DC",2
0,0,2,69,"Non-Hispanic White",0,"Some college or above",1,5,"Born in 50 US states or Washington, DC",2
0,0,1,54,"Non-Hispanic White",0,"Some college or above",0,4.05,"Born in 50 US states or Washington, DC",1
1,1,2,70,"Non-Hispanic Black",0,"Less than high school degree",1,2.46,"Born in 50 US states or Washington, DC",2
0,0,1,59,"Non-Hispanic White",0,"Some college or above",1,5,"Born in 50 US states or Washington, DC",5
1,0,1,48,"Non-Hispanic White",1,"Some college or above",0,4.48,"Born in 50 US states or Washington, DC",2
0,0,1,22,"Non-Hispanic Black",0,"High school",0,2.79,"Born in 50 US states or Washington, DC",2
0,0,2,59,"Non-Hispanic White",0,"Some college or above",1,5,"Born in 50 US states or Washington, DC",2
0,0,2,21,"Non-Hispanic Black",0,"High school",0,1.71,"Born in 50 US states or Washington, DC",5
0,0,2,41,"Non-Hispanic White",0,"Some college or above",1,1.37,"Born in 50 US states or Washington, DC",2
0,0,2,76,"Non-Hispanic Black",0,"Some college or above",0,4,"Born in 50 US states or Washington, DC",5
0,0,1,77,"Other Hispanic",1,"High school",1,2.05,"Other",2
1,0,2,60,"Non-Hispanic Black",0,"Some college or above",0,0.78,"Other",3
0,0,1,71,"Non-Hispanic White",0,"Some college or above",1,5,"Born in 50 US states or Washington, DC",2
1,0,2,48,"Non-Hispanic Asian",0,"Some college or above",1,5,"Other",4
0,0,2,25,"Non-Hispanic Asian",0,"Some college or above",0,5,"Other",1
0,0,1,23,"Non-Hispanic White",0,"Some college or above",0,2.3,"Born in 50 US states or Washington, DC",2
0,0,2,23,"Non-Hispanic White",0,"Some college or above",1,1.34,"Born in 50 US states or Washington, DC",2
1,0,1,71,"Non-Hispanic White",0,"Some college or above",0,5,"Born in 50 US states or Washington, DC",1
1,0,2,64,"Non-Hispanic White",0,"Some college or above",0,1.06,"Born in 50 US states or Washington, DC",3
0,0,1,71,"Non-Hispanic White",0,"Some college or above",0,5,"Born in 50 US states or Washington, DC",1
0,0,1,73,"Other",0,"Some college or above",1,5,"Born in 50 US states or Washington, DC",2
1,0,2,80,"Other Hispanic",0,"Some college or above",1,5,"Other",2
0,0,1,49,"Non-Hispanic Black",0,"Some college or above",1,5,"Born in 50 US states or Washington, DC",3
0,0,1,24,"Non-Hispanic Black",0,"High school",0,1.91,"Born in 50 US states or Washington, DC",7
0,0,1,25,"Non-Hispanic White",0,"Some college or above",0,4.45,"Other",3
0,0,1,27,"Other Hispanic",0,"High school",0,5,"Other",7
0,0,1,21,"Non-Hispanic White",0,"Some college or above",0,0.55,"Born in 50 US states or Washington, DC",2
0,1,1,59,"Non-Hispanic White",0,"Some college or above",1,2.84,"Born in 50 US states or Washington, DC",2
1,0,1,32,"Non-Hispanic White",0,"Some college or above",0,1.3,"Born in 50 US states or Washington, DC",1
1,0,2,53,"Non-Hispanic White",0,"Some college or above",1,4.82,"Born in 50 US states or Washington, DC",2
0,0,2,23,"Non-Hispanic Black",0,"High school",0,1.09,"Born in 50 US states or Washington, DC",2
0,0,1,61,"Non-Hispanic White",1,"Some college or above",1,4.82,"Other",2
1,0,2,61,"Other Hispanic",0,"High school",0,1.78,"Born in 50 US states or Washington, DC",2
1,0,2,64,"Non-Hispanic Black",0,"Some college or above",1,4.92,"Born in 50 US states or Washington, DC",2
0,0,2,41,"Other Hispanic",0,"Less than high school degree",1,2.17,"Other",3
0,0,2,43,"Non-Hispanic Black",0,"Some college or above",0,0.77,"Born in 50 US states or Washington, DC",5
0,0,1,50,"Non-Hispanic White",0,"Some college or above",0,1.98,"Born in 50 US states or Washington, DC",1
1,0,2,59,"Non-Hispanic Black",0,"High school",0,1.99,"Born in 50 US states or Washington, DC",1
1,0,2,48,"Mexican American",0,"Less than high school degree",1,1.77,"Other",2
0,0,2,27,"Non-Hispanic Black",0,"High school",0,1.44,"Born in 50 US states or Washington, DC",2
0,0,2,50,"Non-Hispanic Asian",0,"High school",0,2.46,"Other",5
0,0,2,28,"Non-Hispanic Black",0,"Some college or above",1,1.74,"Born in 50 US states or Washington, DC",3
0,0,2,63,"Other",0,"Some college or above",1,5,"Born in 50 US states or Washington, DC",2
0,0,1,34,"Non-Hispanic White",0,"Some college or above",1,1.71,"Born in 50 US states or Washington, DC",5
1,0,2,69,"Non-Hispanic White",0,"Some college or above",0,5,"Born in 50 US states or Washington, DC",1
1,0,2,61,"Non-Hispanic Black",0,"Some college or above",0,5,"Born in 50 US states or Washington, DC",1
1,1,1,67,"Non-Hispanic Black",1,"Less than high school degree",0,2.58,"Born in 50 US states or Washington, DC",2
0,0,2,66,"Non-Hispanic White",0,"High school",0,5,"Born in 50 US states or Washington, DC",1
1,0,2,52,"Non-Hispanic White",0,"Some college or above",1,3.28,"Born in 50 US states or Washington, DC",2
1,0,1,57,"Other Hispanic",0,"Less than high school degree",0,0,"Other",3
0,0,1,68,"Other",0,"Less than high school degree",0,5,"Born in 50 US states or Washington, DC",2
0,0,1,48,"Non-Hispanic White",0,"High school",1,4.63,"Born in 50 US states or Washington, DC",3
0,0,2,29,"Non-Hispanic White",0,"Some college or above",1,3.13,"Born in 50 US states or Washington, DC",3
1,0,1,64,"Non-Hispanic White",0,"Some college or above",1,1.47,"Born in 50 US states or Washington, DC",2
0,0,2,59,"Non-Hispanic White",0,"High school",0,0.1,"Born in 50 US states or Washington, DC",1
1,1,1,62,"Non-Hispanic Asian",0,"High school",1,0.29,"Other",2
0,0,2,75,"Non-Hispanic White",0,"Some college or above",1,2.4,"Born in 50 US states or Washington, DC",2
0,0,2,59,"Non-Hispanic Black",0,"High school",1,0.83,"Born in 50 US states or Washington, DC",2
0,0,1,41,"Non-Hispanic White",0,"Some college or above",0,2.8,"Born in 50 US states or Washington, DC",1
1,1,1,45,"Mexican American",0,"Some college or above",1,0.33,"Born in 50 US states or Washington, DC",3
0,1,1,47,"Non-Hispanic Black",0,"Some college or above",0,1.32,"Other",5
0,0,2,39,"Non-Hispanic White",0,"Some college or above",1,5,"Born in 50 US states or Washington, DC",6
0,0,1,59,"Non-Hispanic Black",1,"High school",0,0.1,"Born in 50 US states or Washington, DC",3
0,1,1,39,"Non-Hispanic Black",0,"Less than high school degree",0,0.48,"Born in 50 US states or Washington, DC",1
0,0,2,59,"Non-Hispanic White",0,"Some college or above",0,1.58,"Born in 50 US states or Washington, DC",2
1,1,2,55,"Non-Hispanic Asian",0,"Less than high school degree",1,0.68,"Other",5
0,1,1,31,"Other Hispanic",0,"Less than high school degree",1,0.52,"Other",7
1,0,2,53,"Non-Hispanic Black",0,"High school",0,1.21,"Born in 50 US states or Washington, DC",4
0,1,1,44,"Mexican American",1,"High school",1,0.71,"Born in 50 US states or Washington, DC",3
0,0,1,30,"Non-Hispanic White",0,"Some college or above",1,1.06,"Born in 50 US states or Washington, DC",3
0,1,1,46,"Non-Hispanic White",1,"Less than high school degree",1,1.43,"Born in 50 US states or Washington, DC",1
0,0,2,43,"Non-Hispanic White",0,"Some college or above",0,2.11,"Born in 50 US states or Washington, DC",3
0,0,1,20,"Other Hispanic",0,"High school",0,1.06,"Born in 50 US states or Washington, DC",3
0,0,2,52,"Non-Hispanic Asian",0,"Some college or above",1,5,"Other",3
0,0,1,56,"Non-Hispanic White",1,"Some college or above",1,5,"Born in 50 US states or Washington, DC",4
1,0,1,58,"Non-Hispanic Black",0,"High school",0,1.37,"Born in 50 US states or Washington, DC",1
0,0,2,70,"Non-Hispanic Asian",0,"Less than high school degree",1,1.11,"Other",2
0,0,2,55,"Non-Hispanic Black",0,"Some college or above",0,1.69,"Born in 50 US states or Washington, DC",3
1,0,1,53,"Mexican American",1,"Some college or above",1,2.12,"Born in 50 US states or Washington, DC",6
0,0,1,39,"Non-Hispanic Black",0,"Some college or above",1,5,"Other",2
0,0,1,42,"Non-Hispanic White",0,"Some college or above",0,4.04,"Born in 50 US states or Washington, DC",1
1,0,2,73,"Non-Hispanic White",0,"Some college or above",0,5,"Born in 50 US states or Washington, DC",3
0,0,2,35,"Non-Hispanic White",0,"Some college or above",1,2.67,"Born in 50 US states or Washington, DC",4
0,0,1,66,"Non-Hispanic White",1,"Some college or above",1,5,"Born in 50 US states or Washington, DC",1
0,0,1,44,"Non-Hispanic White",0,"Some college or above",1,5,"Born in 50 US states or Washington, DC",4
1,0,1,80,"Non-Hispanic White",0,"Some college or above",0,5,"Born in 50 US states or Washington, DC",1
1,0,1,52,"Non-Hispanic Asian",0,"High school",1,3.7,"Other",5
0,0,2,34,"Non-Hispanic Black",0,"High school",1,0.98,"Other",3
0,0,2,29,"Non-Hispanic White",0,"Some college or above",1,4.16,"Born in 50 US states or Washington, DC",2
1,0,1,65,"Non-Hispanic White",1,"Some college or above",1,4.56,"Born in 50 US states or Washington, DC",2
0,1,2,60,"Other Hispanic",0,"High school",1,2.08,"Born in 50 US states or Washington, DC",2
0,1,2,48,"Other",0,"Some college or above",1,1.26,"Born in 50 US states or Washington, DC",2
0,0,2,52,"Non-Hispanic White",0,"Some college or above",1,5,"Other",3
0,0,1,33,"Mexican American",0,"Some college or above",1,1.54,"Other",5
0,1,1,64,"Other",0,"High school",1,2.79,"Born in 50 US states or Washington, DC",2
0,0,1,31,"Non-Hispanic Black",0,"Some college or above",0,2,"Born in 50 US states or Washington, DC",4
1,0,2,62,"Other Hispanic",0,"High school",1,4.55,"Born in 50 US states or Washington, DC",3
0,0,2,24,"Non-Hispanic Asian",0,"Some college or above",0,1.69,"Other",2
0,0,2,30,"Mexican American",0,"High school",1,1.09,"Born in 50 US states or Washington, DC",3
0,0,2,50,"Other Hispanic",0,"High school",0,0.66,"Born in 50 US states or Washington, DC",2
0,0,2,30,"Non-Hispanic Black",0,"Some college or above",1,1.25,"Born in 50 US states or Washington, DC",7
1,0,2,58,"Non-Hispanic White",0,"High school",1,5,"Born in 50 US states or Washington, DC",2
1,1,2,56,"Non-Hispanic Black",0,"Some college or above",0,0.68,"Born in 50 US states or Washington, DC",1
1,1,2,65,"Non-Hispanic White",0,"High school",0,2.43,"Born in 50 US states or Washington, DC",1
0,0,2,59,"Non-Hispanic Asian",0,"Some college or above",0,2.21,"Other",1
0,0,2,38,"Mexican American",0,"Some college or above",1,1.42,"Other",5
1,1,2,48,"Non-Hispanic White",0,"High school",1,2.82,"Born in 50 US states or Washington, DC",3
1,0,1,62,"Non-Hispanic White",0,"Some college or above",1,5,"Born in 50 US states or Washington, DC",2
0,0,2,42,"Other Hispanic",0,"Some college or above",1,5,"Born in 50 US states or Washington, DC",4
1,0,2,41,"Mexican American",0,"Less than high school degree",1,1.08,"Other",7
1,0,2,76,"Non-Hispanic White",0,"Less than high school degree",0,0.72,"Born in 50 US states or Washington, DC",2
0,1,1,34,"Non-Hispanic Black",0,"Some college or above",0,0.87,"Born in 50 US states or Washington, DC",3
1,0,2,80,"Non-Hispanic White",0,"Some college or above",0,3.22,"Born in 50 US states or Washington, DC",1
0,0,2,33,"Non-Hispanic White",0,"Some college or above",1,3.96,"Born in 50 US states or Washington, DC",4
0,0,2,48,"Non-Hispanic White",0,"Some college or above",1,4.1,"Other",3
0,0,1,35,"Non-Hispanic White",0,"Some college or above",1,5,"Born in 50 US states or Washington, DC",3
0,0,1,61,"Non-Hispanic Black",1,"Some college or above",0,1.84,"Born in 50 US states or Washington, DC",1
0,1,1,55,"Mexican American",0,"Some college or above",0,1.27,"Other",4
0,0,1,58,"Non-Hispanic Asian",0,"Some college or above",1,4.02,"Other",3
0,0,2,53,"Other Hispanic",0,"Less than high school degree",1,2.89,"Other",2
1,1,2,49,"Non-Hispanic Black",0,"High school",0,1.94,"Born in 50 US states or Washington, DC",1
0,0,2,40,"Non-Hispanic White",0,"Some college or above",1,5,"Born in 50 US states or Washington, DC",2
0,1,1,25,"Non-Hispanic White",0,"Some college or above",0,1.4,"Born in 50 US states or Washington, DC",1
0,0,1,45,"Other",0,"Less than high school degree",1,5,"Other",2
0,0,2,31,"Non-Hispanic White",0,"Some college or above",0,5,"Born in 50 US states or Washington, DC",1
1,0,2,65,"Non-Hispanic Black",0,"Some college or above",0,5,"Born in 50 US states or Washington, DC",1
0,0,2,21,"Non-Hispanic White",0,"Some college or above",0,0.82,"Born in 50 US states or Washington, DC",4
0,0,1,52,"Non-Hispanic White",0,"Some college or above",0,1.78,"Born in 50 US states or Washington, DC",1
0,0,2,43,"Mexican American",0,"Less than high school degree",0,1.64,"Other",5
0,0,2,55,"Other",0,"Some college or above",0,4.59,"Other",2
0,0,1,59,"Mexican American",0,"Some college or above",1,3.55,"Other",2
0,0,1,47,"Other",0,"Less than high school degree",0,0.77,"Other",7
1,1,1,62,"Non-Hispanic White",0,"High school",1,4.1,"Born in 50 US states or Washington, DC",2
0,0,1,25,"Non-Hispanic White",0,"Some college or above",1,4.42,"Born in 50 US states or Washington, DC",2
0,0,2,40,"Mexican American",0,"Some college or above",0,2.09,"Born in 50 US states or Washington, DC",3
0,1,1,61,"Non-Hispanic White",0,"Some college or above",1,3.86,"Born in 50 US states or Washington, DC",2
0,0,2,73,"Non-Hispanic White",0,"High school",0,1,"Born in 50 US states or Washington, DC",1
0,0,2,53,"Non-Hispanic White",0,"Some college or above",1,5,"Born in 50 US states or Washington, DC",2
1,0,1,64,"Non-Hispanic White",1,"High school",1,5,"Born in 50 US states or Washington, DC",2
0,0,2,22,"Mexican American",0,"Some college or above",0,2.82,"Born in 50 US states or Washington, DC",3
0,0,2,26,"Non-Hispanic White",0,"Some college or above",1,1.01,"Born in 50 US states or Washington, DC",3
0,1,1,63,"Non-Hispanic Black",0,"Less than high school degree",1,0.82,"Born in 50 US states or Washington, DC",4
0,0,2,33,"Non-Hispanic White",0,"High school",1,1.91,"Born in 50 US states or Washington, DC",7
0,0,2,70,"Non-Hispanic White",0,"Some college or above",0,4.93,"Born in 50 US states or Washington, DC",1
0,0,1,27,"Non-Hispanic Black",0,"High school",0,0.62,"Born in 50 US states or Washington, DC",5
0,0,1,76,"Non-Hispanic White",0,"High school",1,1.64,"Born in 50 US states or Washington, DC",2
0,0,1,66,"Non-Hispanic White",0,"Some college or above",1,4.83,"Born in 50 US states or Washington, DC",3
0,0,2,80,"Non-Hispanic White",0,"Some college or above",0,1.41,"Born in 50 US states or Washington, DC",1
1,0,2,32,"Non-Hispanic Asian",0,"Some college or above",1,2.61,"Other",3
0,0,2,71,"Other Hispanic",0,"Less than high school degree",0,3.69,"Other",3
1,0,2,80,"Non-Hispanic White",0,"Some college or above",0,2.33,"Born in 50 US states or Washington, DC",1
1,0,1,61,"Non-Hispanic White",1,"Some college or above",0,3.49,"Born in 50 US states or Washington, DC",1
0,1,1,35,"Non-Hispanic White",0,"Some college or above",0,0.81,"Born in 50 US states or Washington, DC",5
0,0,2,60,"Other Hispanic",0,"High school",0,1.91,"Other",2
0,1,1,38,"Other Hispanic",0,"Some college or above",0,0.55,"Other",2
0,0,2,30,"Mexican American",0,"High school",0,0.86,"Born in 50 US states or Washington, DC",4
0,0,1,59,"Non-Hispanic White",0,"Some college or above",1,4.83,"Born in 50 US states or Washington, DC",3
0,0,1,62,"Mexican American",0,"Some college or above",1,3.91,"Other",3
1,0,2,53,"Non-Hispanic Black",0,"High school",0,1.32,"Born in 50 US states or Washington, DC",1
1,1,1,75,"Non-Hispanic White",0,"Less than high school degree",1,0.75,"Born in 50 US states or Washington, DC",2
0,1,1,47,"Non-Hispanic White",0,"Some college or above",0,0.33,"Born in 50 US states or Washington, DC",1
0,0,2,67,"Non-Hispanic White",0,"Some college or above",1,5,"Born in 50 US states or Washington, DC",2
0,0,2,65,"Non-Hispanic White",0,"Some college or above",1,4.34,"Born in 50 US states or Washington, DC",3
0,0,2,59,"Non-Hispanic White",0,"Some college or above",1,4.12,"Born in 50 US states or Washington, DC",3
1,1,1,58,"Non-Hispanic Black",0,"Less than high school degree",1,1.43,"Born in 50 US states or Washington, DC",2
1,0,2,77,"Non-Hispanic White",0,"High school",0,3.96,"Born in 50 US states or Washington, DC",2
0,0,1,26,"Other",0,"Some college or above",1,3.22,"Born in 50 US states or Washington, DC",3
0,0,2,34,"Non-Hispanic White",0,"Some college or above",1,4.33,"Born in 50 US states or Washington, DC",4
0,0,1,53,"Non-Hispanic Black",0,"High school",1,0.81,"Born in 50 US states or Washington, DC",2
0,0,2,29,"Other Hispanic",0,"High school",1,0.35,"Other",7
0,0,1,20,"Other Hispanic",0,"Some college or above",0,0.7,"Born in 50 US states or Washington, DC",1
1,1,1,71,"Non-Hispanic White",0,"Some college or above",1,3.09,"Born in 50 US states or Washington, DC",2
0,0,2,26,"Non-Hispanic Black",0,"Some college or above",0,1.51,"Born in 50 US states or Washington, DC",1
0,0,2,34,"Other",0,"Some college or above",0,3.26,"Born in 50 US states or Washington, DC",1
0,0,1,70,"Non-Hispanic Asian",0,"Some college or above",1,5,"Other",2
0,0,2,70,"Non-Hispanic White",0,"Some college or above",1,1.86,"Born in 50 US states or Washington, DC",2
0,0,1,37,"Non-Hispanic Asian",0,"Some college or above",1,4.32,"Other",4
1,0,2,71,"Non-Hispanic White",0,"Some college or above",1,4.69,"Born in 50 US states or Washington, DC",2
0,0,2,73,"Non-Hispanic White",0,"Some college or above",1,3.3,"Born in 50 US states or Washington, DC",2
0,1,1,69,"Non-Hispanic White",1,"Less than high school degree",0,0.62,"Born in 50 US states or Washington, DC",1
0,0,2,67,"Mexican American",0,"Less than high school degree",0,0,"Other",3
0,0,1,53,"Non-Hispanic White",0,"Less than high school degree",0,2.73,"Born in 50 US states or Washington, DC",2
0,0,2,63,"Non-Hispanic Black",0,"Some college or above",0,0.93,"Born in 50 US states or Washington, DC",2
0,0,2,32,"Non-Hispanic White",0,"Some college or above",1,5,"Born in 50 US states or Washington, DC",2
0,0,2,53,"Non-Hispanic White",0,"Some college or above",0,5,"Born in 50 US states or Washington, DC",1
0,0,1,62,"Non-Hispanic White",0,"Some college or above",1,5,"Born in 50 US states or Washington, DC",2
1,0,1,68,"Other",0,"Some college or above",1,5,"Born in 50 US states or Washington, DC",2
1,0,2,76,"Non-Hispanic White",0,"High school",1,2.58,"Born in 50 US states or Washington, DC",2
0,0,1,52,"Non-Hispanic White",1,"Some college or above",1,5,"Born in 50 US states or Washington, DC",2
0,0,1,39,"Other Hispanic",0,"Less than high school degree",1,3,"Other",4
1,0,1,65,"Mexican American",0,"Some college or above",0,5,"Born in 50 US states or Washington, DC",1
1,0,2,71,"Mexican American",0,"Less than high school degree",0,0.96,"Other",1
0,0,1,38,"Other Hispanic",0,"Some college or above",0,2.92,"Other",4
0,0,1,30,"Mexican American",0,"Some college or above",1,5,"Born in 50 US states or Washington, DC",2
1,0,1,72,"Non-Hispanic White",0,"Some college or above",1,5,"Born in 50 US states or Washington, DC",2
1,0,1,70,"Non-Hispanic White",0,"Some college or above",1,3.8,"Born in 50 US states or Washington, DC",2
0,0,1,34,"Non-Hispanic White",0,"Some college or above",1,5,"Born in 50 US states or Washington, DC",4
0,0,2,65,"Mexican American",0,"Less than high school degree",1,1.26,"Other",2
0,0,2,37,"Non-Hispanic Black",0,"Some college or above",0,0.88,"Other",4
0,0,1,21,"Other",0,"Less than high school degree",0,5,"Born in 50 US states or Washington, DC",4
1,1,1,70,"Non-Hispanic White",0,"Some college or above",0,4.12,"Born in 50 US states or Washington, DC",1
0,0,1,60,"Non-Hispanic White",0,"High school",1,5,"Born in 50 US states or Washington, DC",2
1,0,1,80,"Other Hispanic",0,"Less than high school degree",1,0.41,"Other",2
0,0,1,28,"Other",0,"Some college or above",1,5,"Born in 50 US states or Washington, DC",3
0,0,2,51,"Non-Hispanic White",0,"Some college or above",1,5,"Born in 50 US states or Washington, DC",4
1,0,1,58,"Non-Hispanic White",1,"Less than high school degree",0,2.47,"Born in 50 US states or Washington, DC",1
0,0,1,79,"Non-Hispanic White",1,"High school",1,2.46,"Born in 50 US states or Washington, DC",2
1,0,1,47,"Non-Hispanic White",0,"Some college or above",0,1.97,"Born in 50 US states or Washington, DC",2
0,0,1,80,"Non-Hispanic White",0,"Some college or above",0,2.03,"Born in 50 US states or Washington, DC",2
1,0,2,61,"Non-Hispanic Black",0,"Some college or above",1,5,"Born in 50 US states or Washington, DC",2
1,0,2,73,"Mexican American",0,"Less than high school degree",1,0.82,"Other",2
0,1,1,52,"Other Hispanic",0,"Less than high school degree",0,0.74,"Other",1
0,0,2,60,"Non-Hispanic White",0,"Some college or above",1,5,"Born in 50 US states or Washington, DC",3
1,0,2,70,"Non-Hispanic White",0,"Some college or above",0,2.41,"Born in 50 US states or Washington, DC",2
1,0,2,48,"Non-Hispanic White",0,"Some college or above",1,4.02,"Born in 50 US states or Washington, DC",3
1,0,2,49,"Non-Hispanic White",0,"High school",0,3.06,"Born in 50 US states or Washington, DC",5
0,0,1,61,"Mexican American",0,"Less than high school degree",1,1.12,"Other",2
1,0,1,52,"Non-Hispanic White",0,"Some college or above",1,5,"Born in 50 US states or Washington, DC",2
0,0,2,43,"Non-Hispanic White",0,"Some college or above",1,4.02,"Born in 50 US states or Washington, DC",3
1,1,2,80,"Non-Hispanic White",0,"Less than high school degree",0,0.93,"Born in 50 US states or Washington, DC",3
1,0,2,75,"Non-Hispanic White",0,"High school",0,1.78,"Born in 50 US states or Washington, DC",1
0,1,1,51,"Non-Hispanic White",0,"High school",0,2.21,"Born in 50 US states or Washington, DC",2
0,0,2,31,"Non-Hispanic Asian",0,"Some college or above",1,5,"Other",3
0,0,2,40,"Other Hispanic",0,"Some college or above",1,4,"Born in 50 US states or Washington, DC",5
0,0,2,73,"Non-Hispanic White",0,"Some college or above",1,5,"Born in 50 US states or Washington, DC",2
1,1,2,66,"Non-Hispanic Black",0,"Some college or above",0,2.39,"Born in 50 US states or Washington, DC",3
0,1,1,50,"Mexican American",0,"Some college or above",0,2.58,"Born in 50 US states or Washington, DC",1
1,0,1,43,"Other",0,"Some college or above",1,2.96,"Other",6
0,0,2,56,"Non-Hispanic Black",0,"Some college or above",0,4.8,"Born in 50 US states or Washington, DC",1
1,0,2,22,"Other Hispanic",0,"Some college or above",0,0.63,"Born in 50 US states or Washington, DC",2
1,0,1,73,"Other",0,"High school",1,3.28,"Born in 50 US states or Washington, DC",2
0,0,2,61,"Non-Hispanic White",0,"Some college or above",0,5,"Other",2
0,1,1,30,"Non-Hispanic Black",0,"High school",0,1.18,"Born in 50 US states or Washington, DC",1
1,1,1,35,"Non-Hispanic White",0,"High school",0,3.12,"Born in 50 US states or Washington, DC",3
1,0,2,25,"Other",0,"Some college or above",0,3.86,"Born in 50 US states or Washington, DC",1
0,0,2,80,"Non-Hispanic Asian",0,"High school",0,1.26,"Other",2
1,0,1,68,"Non-Hispanic White",0,"High school",0,5,"Born in 50 US states or Washington, DC",3
0,0,2,34,"Non-Hispanic Black",0,"Some college or above",0,1.09,"Born in 50 US states or Washington, DC",3
0,0,1,26,"Non-Hispanic White",0,"Some college or above",0,5,"Born in 50 US states or Washington, DC",4
0,1,2,35,"Non-Hispanic White",0,"Some college or above",0,0.73,"Born in 50 US states or Washington, DC",4
0,0,1,28,"Non-Hispanic White",0,"Some college or above",0,2.9,"Born in 50 US states or Washington, DC",1
1,1,1,67,"Non-Hispanic White",0,"High school",0,0.7,"Born in 50 US states or Washington, DC",1
0,0,2,51,"Non-Hispanic White",0,"Some college or above",0,5,"Born in 50 US states or Washington, DC",2
1,0,1,55,"Non-Hispanic White",1,"Some college or above",0,5,"Born in 50 US states or Washington, DC",1
0,0,2,29,"Other Hispanic",0,"Less than high school degree",1,0.02,"Other",3
0,1,1,36,"Non-Hispanic Black",0,"High school",0,0.69,"Born in 50 US states or Washington, DC",1
1,0,2,70,"Mexican American",0,"Some college or above",1,2.82,"Other",3
0,0,2,31,"Non-Hispanic Asian",0,"Some college or above",0,5,"Other",4
1,0,1,70,"Mexican American",0,"Some college or above",1,1.75,"Other",3
0,0,1,21,"Mexican American",0,"Some college or above",0,3.97,"Born in 50 US states or Washington, DC",7
0,0,1,21,"Mexican American",0,"High school",0,1.08,"Born in 50 US states or Washington, DC",6
1,0,1,76,"Non-Hispanic Black",0,"Less than high school degree",1,2.61,"Other",2
0,0,2,39,"Non-Hispanic Black",0,"Some college or above",1,2.88,"Born in 50 US states or Washington, DC",4
1,0,1,53,"Mexican American",0,"High school",1,2.56,"Born in 50 US states or Washington, DC",5
0,0,1,42,"Non-Hispanic White",0,"High school",0,1.92,"Born in 50 US states or Washington, DC",1
0,1,1,52,"Non-Hispanic White",0,"Some college or above",1,1.49,"Other",5
0,0,2,54,"Non-Hispanic White",0,"Some college or above",0,2.65,"Born in 50 US states or Washington, DC",1
0,0,1,36,"Other",0,"High school",0,3.46,"Born in 50 US states or Washington, DC",1
0,1,1,29,"Other",0,"Less than high school degree",0,1.4,"Born in 50 US states or Washington, DC",1
0,0,1,40,"Non-Hispanic White",0,"Some college or above",0,3.71,"Born in 50 US states or Washington, DC",4
0,0,2,31,"Non-Hispanic White",0,"Some college or above",0,1.05,"Born in 50 US states or Washington, DC",5
1,0,1,76,"Non-Hispanic White",0,"Some college or above",1,3.9,"Born in 50 US states or Washington, DC",2
0,1,1,35,"Non-Hispanic Black",0,"High school",1,0.82,"Other",2
0,0,2,61,"Non-Hispanic White",0,"Some college or above",1,5,"Born in 50 US states or Washington, DC",2
0,0,2,61,"Non-Hispanic Black",0,"Some college or above",0,2.33,"Born in 50 US states or Washington, DC",1
1,1,1,45,"Non-Hispanic Black",0,"Some college or above",0,1.23,"Born in 50 US states or Washington, DC",5
0,0,1,24,"Other Hispanic",0,"Some college or above",0,5,"Born in 50 US states or Washington, DC",1
1,0,1,62,"Non-Hispanic White",0,"High school",0,1.03,"Born in 50 US states or Washington, DC",1
0,0,2,29,"Non-Hispanic White",0,"Some college or above",0,4.94,"Born in 50 US states or Washington, DC",1
0,0,2,60,"Non-Hispanic White",0,"High school",1,3.32,"Born in 50 US states or Washington, DC",3
1,0,2,80,"Non-Hispanic Black",0,"Some college or above",1,2.87,"Born in 50 US states or Washington, DC",2
0,0,2,21,"Non-Hispanic Black",0,"Some college or above",0,0.65,"Born in 50 US states or Washington, DC",3
1,0,2,68,"Non-Hispanic White",1,"Some college or above",1,5,"Born in 50 US states or Washington, DC",2
0,0,2,58,"Non-Hispanic White",0,"Some college or above",1,5,"Born in 50 US states or Washington, DC",3
0,0,1,71,"Non-Hispanic White",0,"Some college or above",1,3.38,"Born in 50 US states or Washington, DC",3
1,0,2,76,"Non-Hispanic Black",0,"Some college or above",0,1.69,"Born in 50 US states or Washington, DC",3
0,0,1,26,"Non-Hispanic Asian",0,"Some college or above",0,4.42,"Other",5
0,0,1,75,"Non-Hispanic White",1,"Some college or above",1,2.03,"Born in 50 US states or Washington, DC",2
1,0,1,76,"Non-Hispanic White",1,"Some college or above",1,2.03,"Born in 50 US states or Washington, DC",2
0,0,2,21,"Non-Hispanic White",0,"Some college or above",0,3.13,"Born in 50 US states or Washington, DC",5
1,1,2,47,"Other Hispanic",0,"High school",0,0.52,"Other",7
0,1,1,51,"Non-Hispanic White",0,"High school",0,0.79,"Other",1
0,0,2,27,"Other",0,"Some college or above",1,5,"Born in 50 US states or Washington, DC",4
0,0,2,21,"Non-Hispanic White",0,"Less than high school degree",0,0.21,"Born in 50 US states or Washington, DC",2
1,0,2,55,"Non-Hispanic White",0,"Some college or above",1,5,"Born in 50 US states or Washington, DC",2
0,0,1,40,"Non-Hispanic White",0,"Some college or above",1,3.42,"Born in 50 US states or Washington, DC",4
0,0,2,38,"Other Hispanic",0,"High school",1,3,"Born in 50 US states or Washington, DC",3
0,0,2,49,"Non-Hispanic White",0,"Some college or above",1,4.14,"Born in 50 US states or Washington, DC",4
1,0,2,55,"Non-Hispanic White",0,"Some college or above",0,5,"Born in 50 US states or Washington, DC",1
0,0,2,28,"Non-Hispanic White",0,"Some college or above",1,4.1,"Born in 50 US states or Washington, DC",3
0,0,2,27,"Other Hispanic",0,"Some college or above",1,5,"Born in 50 US states or Washington, DC",2
0,0,1,53,"Non-Hispanic White",0,"Some college or above",0,5,"Born in 50 US states or Washington, DC",2
0,0,1,49,"Mexican American",0,"Less than high school degree",0,0.06,"Other",1
0,1,2,40,"Non-Hispanic White",0,"Some college or above",0,3.6,"Born in 50 US states or Washington, DC",2
0,0,1,24,"Non-Hispanic White",0,"Some college or above",1,5,"Born in 50 US states or Washington, DC",2
1,0,1,62,"Non-Hispanic White",0,"Some college or above",1,4.32,"Born in 50 US states or Washington, DC",4
1,0,1,24,"Non-Hispanic White",0,"High school",0,0,"Born in 50 US states or Washington, DC",2
1,0,2,79,"Non-Hispanic White",0,"Some college or above",0,2.58,"Born in 50 US states or Washington, DC",1
0,0,1,21,"Other Hispanic",0,"High school",0,3.04,"Other",3
0,0,1,65,"Non-Hispanic White",0,"High school",1,4.44,"Born in 50 US states or Washington, DC",2
1,1,2,80,"Non-Hispanic White",0,"Some college or above",1,5,"Born in 50 US states or Washington, DC",1
0,0,1,64,"Non-Hispanic White",0,"Some college or above",1,5,"Born in 50 US states or Washington, DC",2
0,1,1,45,"Non-Hispanic White",0,"Some college or above",0,4.66,"Born in 50 US states or Washington, DC",1
0,1,2,73,"Non-Hispanic White",0,"Some college or above",0,1.47,"Born in 50 US states or Washington, DC",1
0,0,2,42,"Non-Hispanic White",0,"Some college or above",0,2.72,"Born in 50 US states or Washington, DC",1
1,0,2,70,"Non-Hispanic White",0,"Some college or above",0,2.33,"Born in 50 US states or Washington, DC",1
1,1,1,60,"Non-Hispanic Black",0,"Less than high school degree",0,1.3,"Born in 50 US states or Washington, DC",1
0,0,2,27,"Non-Hispanic Black",0,"Some college or above",0,5,"Born in 50 US states or Washington, DC",4
0,1,1,31,"Other Hispanic",0,"Some college or above",1,0.94,"Other",4
0,0,2,27,"Non-Hispanic Black",0,"High school",1,0,"Born in 50 US states or Washington, DC",2
1,1,2,65,"Other",0,"Some college or above",0,1.32,"Born in 50 US states or Washington, DC",1
1,0,1,58,"Mexican American",0,"High school",1,1.6,"Other",4
1,0,1,55,"Non-Hispanic White",0,"Some college or above",1,5,"Born in 50 US states or Washington, DC",3
0,0,1,23,"Other",0,"Some college or above",0,5,"Born in 50 US states or Washington, DC",1
0,0,2,32,"Other Hispanic",0,"Some college or above",1,5,"Born in 50 US states or Washington, DC",2
1,0,1,51,"Non-Hispanic White",0,"Some college or above",1,2.88,"Born in 50 US states or Washington, DC",4
0,0,2,45,"Non-Hispanic Asian",0,"Some college or above",1,5,"Other",3
0,0,1,31,"Other Hispanic",1,"Some college or above",0,2.47,"Other",1
0,0,1,34,"Other Hispanic",0,"High school",0,0.79,"Born in 50 US states or Washington, DC",2
0,0,2,54,"Other",0,"Some college or above",1,1.6,"Born in 50 US states or Washington, DC",4
0,1,1,25,"Non-Hispanic White",0,"Less than high school degree",1,1.9,"Born in 50 US states or Washington, DC",3
0,1,1,32,"Non-Hispanic Black",1,"Some college or above",1,3.82,"Born in 50 US states or Washington, DC",2
0,0,2,55,"Non-Hispanic White",0,"Some college or above",0,5,"Born in 50 US states or Washington, DC",1
0,0,2,26,"Non-Hispanic Black",0,"Some college or above",0,4.55,"Born in 50 US states or Washington, DC",5
1,0,2,80,"Non-Hispanic White",0,"Some college or above",1,3.28,"Born in 50 US states or Washington, DC",2
1,0,1,66,"Non-Hispanic White",0,"Some college or above",0,2.09,"Other",1
0,0,2,80,"Non-Hispanic White",0,"Some college or above",0,2.57,"Born in 50 US states or Washington, DC",1
1,0,2,63,"Mexican American",0,"Less than high school degree",0,1.6,"Other",5
0,0,1,29,"Other Hispanic",0,"Some college or above",0,0.77,"Born in 50 US states or Washington, DC",4
0,1,1,61,"Non-Hispanic White",0,"Less than high school degree",0,0.75,"Born in 50 US states or Washington, DC",1
0,0,1,28,"Other Hispanic",0,"Some college or above",1,3.77,"Born in 50 US states or Washington, DC",2
1,0,1,80,"Non-Hispanic White",1,"Some college or above",1,3.55,"Born in 50 US states or Washington, DC",2
1,0,1,72,"Non-Hispanic Black",0,"Some college or above",1,2.46,"Born in 50 US states or Washington, DC",2
1,0,1,67,"Non-Hispanic White",0,"Some college or above",1,5,"Born in 50 US states or Washington, DC",2
1,0,2,73,"Non-Hispanic White",0,"Some college or above",1,2.73,"Other",2
0,0,1,43,"Non-Hispanic White",0,"Some college or above",1,5,"Born in 50 US states or Washington, DC",5
1,1,2,58,"Non-Hispanic White",0,"Some college or above",0,1.32,"Born in 50 US states or Washington, DC",1
1,1,2,72,"Non-Hispanic White",0,"Some college or above",0,2.17,"Born in 50 US states or Washington, DC",3
0,0,2,63,"Non-Hispanic White",0,"Some college or above",1,5,"Born in 50 US states or Washington, DC",2
1,1,1,58,"Other",0,"High school",0,0.53,"Born in 50 US states or Washington, DC",1
1,0,2,51,"Non-Hispanic Black",0,"Some college or above",1,3.6,"Other",4
1,1,1,33,"Non-Hispanic Black",0,"Less than high school degree",0,0.74,"Born in 50 US states or Washington, DC",1
0,0,1,52,"Other Hispanic",0,"Some college or above",1,5,"Other",3
0,0,1,61,"Other Hispanic",0,"Some college or above",1,5,"Other",4
1,1,1,70,"Non-Hispanic Black",0,"Less than high school degree",1,2.84,"Born in 50 US states or Washington, DC",2
0,0,2,54,"Non-Hispanic White",0,"Some college or above",1,3.42,"Born in 50 US states or Washington, DC",4
0,1,2,31,"Non-Hispanic White",0,"High school",0,0.51,"Born in 50 US states or Washington, DC",2
0,0,2,80,"Non-Hispanic Black",0,"Some college or above",0,5,"Born in 50 US states or Washington, DC",1
0,0,2,46,"Non-Hispanic Asian",0,"Some college or above",1,2.88,"Other",4
1,0,1,56,"Non-Hispanic White",1,"Some college or above",0,4.36,"Born in 50 US states or Washington, DC",2
0,1,2,37,"Non-Hispanic White",0,"High school",1,3.6,"Born in 50 US states or Washington, DC",4
0,0,2,35,"Non-Hispanic White",0,"Some college or above",0,3.82,"Born in 50 US states or Washington, DC",3
1,1,1,55,"Non-Hispanic Black",0,"Some college or above",0,0.85,"Born in 50 US states or Washington, DC",2
1,0,1,67,"Non-Hispanic White",0,"Some college or above",0,0.96,"Born in 50 US states or Washington, DC",1
0,0,1,72,"Non-Hispanic White",0,"Some college or above",1,5,"Born in 50 US states or Washington, DC",2
0,0,2,48,"Non-Hispanic White",0,"Some college or above",1,5,"Born in 50 US states or Washington, DC",3
0,0,1,30,"Other Hispanic",0,"Some college or above",0,1.39,"Other",3
0,0,1,70,"Non-Hispanic White",1,"Some college or above",1,5,"Born in 50 US states or Washington, DC",4
1,1,1,67,"Non-Hispanic White",0,"High school",0,1.92,"Born in 50 US states or Washington, DC",1
1,0,1,64,"Non-Hispanic White",0,"Some college or above",1,0,"Born in 50 US states or Washington, DC",2
0,0,2,62,"Non-Hispanic Asian",0,"Some college or above",1,5,"Born in 50 US states or Washington, DC",3
0,0,2,35,"Non-Hispanic White",0,"Some college or above",0,4.21,"Born in 50 US states or Washington, DC",2
0,1,2,29,"Other Hispanic",0,"Some college or above",1,0.11,"Other",7
0,0,2,72,"Non-Hispanic White",0,"Some college or above",0,0.56,"Born in 50 US states or Washington, DC",1
1,0,2,53,"Other Hispanic",0,"Some college or above",1,2.34,"Other",3
1,1,2,68,"Other",0,"Some college or above",1,1.29,"Born in 50 US states or Washington, DC",2
0,0,2,30,"Non-Hispanic Asian",0,"Some college or above",1,5,"Born in 50 US states or Washington, DC",1
0,0,2,52,"Non-Hispanic White",1,"Some college or above",1,5,"Born in 50 US states or Washington, DC",4
1,0,1,80,"Non-Hispanic White",1,"Some college or above",0,5,"Born in 50 US states or Washington, DC",1
0,0,1,42,"Non-Hispanic White",0,"Some college or above",0,3.02,"Born in 50 US states or Washington, DC",2
0,0,2,70,"Non-Hispanic White",0,"Some college or above",1,5,"Born in 50 US states or Washington, DC",2
0,1,1,44,"Other Hispanic",0,"Some college or above",1,5,"Other",2
0,0,2,43,"Non-Hispanic White",0,"High school",1,0.75,"Born in 50 US states or Washington, DC",1
0,0,1,40,"Non-Hispanic White",0,"High school",1,5,"Born in 50 US states or Washington, DC",4
0,0,2,34,"Other Hispanic",0,"Some college or above",1,3.47,"Other",3
1,1,2,74,"Non-Hispanic White",0,"Some college or above",0,1.01,"Born in 50 US states or Washington, DC",1
0,0,2,71,"Non-Hispanic White",0,"Some college or above",1,5,"Born in 50 US states or Washington, DC",2
0,0,1,24,"Non-Hispanic White",0,"Some college or above",0,1.92,"Born in 50 US states or Washington, DC",4
1,0,2,32,"Non-Hispanic Black",0,"Some college or above",0,3.09,"Born in 50 US states or Washington, DC",1
1,0,2,43,"Non-Hispanic White",0,"Some college or above",1,5,"Born in 50 US states or Washington, DC",4
1,0,2,62,"Non-Hispanic Black",0,"Less than high school degree",0,0.71,"Other",3
0,0,2,47,"Other Hispanic",0,"High school",0,1.08,"Other",4
1,0,1,30,"Non-Hispanic White",0,"Some college or above",1,2.81,"Born in 50 US states or Washington, DC",4
0,0,2,54,"Non-Hispanic White",0,"High school",1,1.91,"Born in 50 US states or Washington, DC",2
0,0,1,55,"Non-Hispanic White",0,"Some college or above",1,5,"Born in 50 US states or Washington, DC",2
0,0,2,29,"Non-Hispanic White",0,"High school",1,1.85,"Born in 50 US states or Washington, DC",5
1,0,2,23,"Non-Hispanic White",0,"Some college or above",0,2.95,"Born in 50 US states or Washington, DC",2
1,0,2,66,"Non-Hispanic White",0,"High school",0,5,"Born in 50 US states or Washington, DC",1
0,0,1,71,"Other",0,"Some college or above",1,4.92,"Born in 50 US states or Washington, DC",2
1,0,2,59,"Non-Hispanic Black",0,"Some college or above",0,1.82,"Born in 50 US states or Washington, DC",4
0,0,2,23,"Non-Hispanic Black",0,"Some college or above",0,3.19,"Other",3
0,0,1,45,"Non-Hispanic White",0,"Some college or above",1,5,"Born in 50 US states or Washington, DC",2
0,1,2,31,"Non-Hispanic White",0,"High school",1,0.73,"Born in 50 US states or Washington, DC",6
1,0,1,66,"Non-Hispanic Asian",0,"Some college or above",1,2.59,"Born in 50 US states or Washington, DC",2
0,0,2,68,"Non-Hispanic Asian",0,"Less than high school degree",1,1.13,"Other",2
0,0,1,29,"Non-Hispanic White",0,"High school",1,5,"Born in 50 US states or Washington, DC",2
1,1,1,63,"Non-Hispanic White",0,"Less than high school degree",1,2.39,"Born in 50 US states or Washington, DC",3
1,0,2,60,"Other Hispanic",0,"Less than high school degree",1,1.31,"Other",5
0,0,2,32,"Non-Hispanic White",0,"High school",0,2.46,"Born in 50 US states or Washington, DC",2
0,0,1,35,"Non-Hispanic White",0,"Some college or above",1,5,"Born in 50 US states or Washington, DC",3
0,0,2,24,"Non-Hispanic White",0,"Some college or above",0,5,"Born in 50 US states or Washington, DC",1
1,0,2,53,"Non-Hispanic Asian",0,"Some college or above",1,0.85,"Other",5
1,1,1,70,"Other",0,"High school",1,2.04,"Born in 50 US states or Washington, DC",3
1,0,2,43,"Non-Hispanic White",0,"Some college or above",1,2.12,"Born in 50 US states or Washington, DC",6
0,0,2,51,"Mexican American",0,"Some college or above",0,1.32,"Born in 50 US states or Washington, DC",3
0,0,2,39,"Non-Hispanic White",0,"Some college or above",1,0.47,"Born in 50 US states or Washington, DC",4
0,0,2,21,"Other Hispanic",0,"High school",0,5,"Born in 50 US states or Washington, DC",4
0,0,2,24,"Non-Hispanic Asian",0,"High school",0,3,"Other",2
0,0,1,60,"Non-Hispanic White",0,"High school",1,1.61,"Born in 50 US states or Washington, DC",3
1,0,2,37,"Non-Hispanic Asian",0,"Some college or above",1,2.96,"Other",3
1,0,1,45,"Non-Hispanic White",0,"High school",0,2.71,"Other",3
0,1,1,44,"Non-Hispanic Black",0,"High school",0,5,"Born in 50 US states or Washington, DC",1
0,0,2,66,"Non-Hispanic White",0,"Some college or above",1,1.23,"Other",2
0,0,2,58,"Non-Hispanic White",0,"Some college or above",0,4.05,"Other",1
0,0,2,44,"Other Hispanic",0,"Some college or above",1,1.85,"Other",3
1,0,1,64,"Non-Hispanic Black",0,"Less than high school degree",0,0.12,"Born in 50 US states or Washington, DC",1
1,0,1,63,"Other",0,"Some college or above",1,5,"Born in 50 US states or Washington, DC",3
0,1,2,70,"Non-Hispanic White",0,"Some college or above",0,0.96,"Born in 50 US states or Washington, DC",1
1,0,2,75,"Non-Hispanic White",0,"Some college or above",1,2.18,"Born in 50 US states or Washington, DC",2
0,0,2,71,"Other",0,"Some college or above",1,5,"Born in 50 US states or Washington, DC",2
0,0,1,23,"Non-Hispanic White",0,"Some college or above",1,0.79,"Born in 50 US states or Washington, DC",5
0,0,2,35,"Mexican American",0,"Some college or above",0,2.21,"Other",1
0,0,2,35,"Non-Hispanic White",0,"Some college or above",1,2.34,"Born in 50 US states or Washington, DC",4
0,0,2,52,"Non-Hispanic Asian",0,"Some college or above",1,3.42,"Other",4
0,0,2,61,"Non-Hispanic White",0,"Some college or above",1,3.16,"Born in 50 US states or Washington, DC",2
0,0,2,33,"Non-Hispanic Black",0,"High school",0,0.84,"Born in 50 US states or Washington, DC",3
1,1,1,60,"Non-Hispanic Black",0,"Some college or above",0,0.83,"Born in 50 US states or Washington, DC",1
0,0,1,31,"Non-Hispanic White",0,"Some college or above",1,5,"Born in 50 US states or Washington, DC",2
1,0,1,70,"Non-Hispanic Black",0,"Less than high school degree",1,0.78,"Other",3
0,1,1,64,"Non-Hispanic Black",0,"Less than high school degree",0,0.88,"Born in 50 US states or Washington, DC",1
0,0,2,46,"Mexican American",0,"Less than high school degree",0,0.15,"Born in 50 US states or Washington, DC",2
0,0,2,70,"Non-Hispanic Black",0,"Some college or above",1,5,"Born in 50 US states or Washington, DC",2
1,0,2,79,"Non-Hispanic White",0,"Some college or above",0,5,"Born in 50 US states or Washington, DC",1
0,0,2,75,"Non-Hispanic White",0,"Some college or above",1,5,"Born in 50 US states or Washington, DC",2
0,0,2,27,"Non-Hispanic White",0,"Some college or above",1,2,"Born in 50 US states or Washington, DC",5
0,0,1,38,"Non-Hispanic White",0,"Some college or above",1,3.58,"Born in 50 US states or Washington, DC",4
1,0,1,61,"Other Hispanic",0,"Some college or above",1,4.02,"Other",2
1,0,2,62,"Other Hispanic",0,"High school",0,1.44,"Other",4
1,1,1,70,"Non-Hispanic Black",1,"Some college or above",1,1.31,"Born in 50 US states or Washington, DC",2
0,0,2,70,"Non-Hispanic White",0,"Some college or above",1,5,"Born in 50 US states or Washington, DC",2
0,0,2,39,"Non-Hispanic Black",0,"Some college or above",0,0.65,"Other",3
0,0,2,38,"Non-Hispanic White",0,"Some college or above",0,5,"Born in 50 US states or Washington, DC",1
0,0,1,51,"Non-Hispanic White",0,"Some college or above",1,4.68,"Other",4
0,0,2,48,"Non-Hispanic White",0,"Some college or above",1,5,"Born in 50 US states or Washington, DC",4
1,0,2,80,"Other Hispanic",0,"Less than high school degree",0,3.47,"Born in 50 US states or Washington, DC",3
0,1,2,64,"Non-Hispanic White",0,"Some college or above",1,5,"Born in 50 US states or Washington, DC",2
1,0,1,79,"Non-Hispanic White",1,"Some college or above",1,4.92,"Born in 50 US states or Washington, DC",2
1,0,1,73,"Non-Hispanic White",0,"Some college or above",0,5,"Born in 50 US states or Washington, DC",1
1,0,2,76,"Non-Hispanic White",0,"Some college or above",1,4.51,"Born in 50 US states or Washington, DC",2
1,0,1,60,"Non-Hispanic White",1,"High school",0,5,"Born in 50 US states or Washington, DC",5
0,0,2,39,"Non-Hispanic White",0,"Some college or above",1,5,"Born in 50 US states or Washington, DC",2
0,0,1,65,"Non-Hispanic White",0,"High school",1,4.06,"Born in 50 US states or Washington, DC",2
1,1,2,68,"Other",0,"High school",0,0.08,"Born in 50 US states or Washington, DC",3
0,0,2,34,"Other Hispanic",0,"Some college or above",0,0.88,"Other",6
0,0,2,20,"Non-Hispanic White",0,"Some college or above",0,2.92,"Born in 50 US states or Washington, DC",4
0,0,1,31,"Non-Hispanic White",0,"Some college or above",0,5,"Born in 50 US states or Washington, DC",1
0,1,2,69,"Non-Hispanic White",0,"High school",0,1.46,"Born in 50 US states or Washington, DC",7
1,0,1,70,"Non-Hispanic White",0,"Some college or above",1,3.55,"Born in 50 US states or Washington, DC",2
0,0,2,26,"Other Hispanic",0,"High school",1,1.48,"Other",3
1,1,1,71,"Non-Hispanic White",1,"Some college or above",0,3.61,"Born in 50 US states or Washington, DC",1
0,0,1,32,"Non-Hispanic White",0,"Some college or above",1,5,"Born in 50 US states or Washington, DC",2
0,0,1,30,"Other Hispanic",0,"Some college or above",0,5,"Other",1
1,0,2,65,"Non-Hispanic White",0,"Some college or above",1,5,"Born in 50 US states or Washington, DC",2
1,1,1,61,"Non-Hispanic White",0,"Less than high school degree",0,0.62,"Born in 50 US states or Washington, DC",2
0,0,2,32,"Non-Hispanic White",0,"Some college or above",1,5,"Born in 50 US states or Washington, DC",4
0,0,1,55,"Non-Hispanic White",1,"High school",1,4.02,"Born in 50 US states or Washington, DC",3
0,1,2,46,"Non-Hispanic White",0,"Some college or above",0,3.3,"Born in 50 US states or Washington, DC",2
1,0,1,51,"Non-Hispanic White",0,"Some college or above",0,1.47,"Born in 50 US states or Washington, DC",1
1,0,2,80,"Non-Hispanic White",0,"High school",1,2.43,"Born in 50 US states or Washington, DC",2
0,0,2,39,"Mexican American",0,"Less than high school degree",1,0.89,"Other",3
0,0,2,59,"Non-Hispanic White",0,"Some college or above",0,5,"Born in 50 US states or Washington, DC",1
0,0,2,43,"Mexican American",0,"Less than high school degree",1,1.23,"Other",5
0,0,2,62,"Non-Hispanic White",0,"Some college or above",1,5,"Born in 50 US states or Washington, DC",2
0,0,2,24,"Non-Hispanic Black",0,"Less than high school degree",0,0.52,"Born in 50 US states or Washington, DC",6
0,0,1,31,"Mexican American",0,"Some college or above",1,5,"Born in 50 US states or Washington, DC",2
1,0,2,79,"Other",0,"Less than high school degree",0,0.16,"Born in 50 US states or Washington, DC",3
1,0,2,65,"Non-Hispanic White",0,"Some college or above",1,5,"Born in 50 US states or Washington, DC",2
0,1,1,65,"Non-Hispanic Black",0,"Some college or above",0,0.31,"Born in 50 US states or Washington, DC",1
0,0,1,37,"Non-Hispanic White",1,"Some college or above",1,5,"Born in 50 US states or Washington, DC",3
0,1,2,54,"Non-Hispanic White",0,"Some college or above",1,3.94,"Born in 50 US states or Washington, DC",2
1,1,2,58,"Non-Hispanic White",0,"High school",1,1.6,"Born in 50 US states or Washington, DC",4
0,1,1,31,"Non-Hispanic White",0,"Some college or above",0,2.07,"Born in 50 US states or Washington, DC",2
1,0,1,65,"Non-Hispanic White",0,"Some college or above",0,5,"Born in 50 US states or Washington, DC",1
0,0,1,29,"Non-Hispanic White",0,"Some college or above",0,3.31,"Born in 50 US states or Washington, DC",1
0,0,1,24,"Non-Hispanic Black",0,"Some college or above",0,2.83,"Other",4
0,0,2,35,"Non-Hispanic Asian",0,"Some college or above",1,3.42,"Other",4
0,1,2,75,"Non-Hispanic White",0,"Some college or above",0,1.77,"Born in 50 US states or Washington, DC",1
1,0,2,58,"Other Hispanic",0,"Some college or above",1,5,"Born in 50 US states or Washington, DC",3
0,0,2,64,"Non-Hispanic White",0,"Some college or above",1,2.33,"Born in 50 US states or Washington, DC",4
0,0,2,40,"Non-Hispanic Asian",0,"Some college or above",1,4,"Other",4
0,0,2,39,"Non-Hispanic White",0,"Some college or above",0,2.54,"Born in 50 US states or Washington, DC",2
0,0,2,58,"Non-Hispanic White",0,"Some college or above",0,5,"Born in 50 US states or Washington, DC",1
0,0,1,23,"Non-Hispanic Asian",0,"Some college or above",0,5,"Born in 50 US states or Washington, DC",1
0,0,1,63,"Non-Hispanic White",0,"Some college or above",1,4.56,"Born in 50 US states or Washington, DC",2
0,0,2,38,"Other Hispanic",0,"High school",1,0.14,"Other",4
0,0,2,60,"Non-Hispanic White",0,"Some college or above",1,3.42,"Born in 50 US states or Washington, DC",4
0,0,2,64,"Non-Hispanic Asian",0,"High school",0,3,"Other",2
0,0,2,74,"Non-Hispanic White",0,"Some college or above",1,1.37,"Born in 50 US states or Washington, DC",2
0,0,1,66,"Mexican American",0,"Less than high school degree",0,0.41,"Other",2
1,1,1,28,"Non-Hispanic Black",0,"High school",1,0.87,"Born in 50 US states or Washington, DC",4
0,0,1,26,"Non-Hispanic White",0,"Some college or above",0,5,"Born in 50 US states or Washington, DC",1
0,1,2,64,"Non-Hispanic White",0,"Some college or above",1,1.47,"Born in 50 US states or Washington, DC",2
0,0,2,23,"Non-Hispanic Black",0,"Some college or above",0,1.74,"Other",3
0,0,2,28,"Non-Hispanic White",0,"Some college or above",0,4.19,"Born in 50 US states or Washington, DC",1
1,0,2,71,"Mexican American",0,"Less than high school degree",1,0,"Other",7
0,1,2,67,"Other",0,"Some college or above",0,2.8,"Born in 50 US states or Washington, DC",1
0,0,1,42,"Non-Hispanic White",0,"Some college or above",0,5,"Born in 50 US states or Washington, DC",2
0,0,2,56,"Non-Hispanic Asian",0,"Some college or above",0,5,"Born in 50 US states or Washington, DC",1
1,0,2,69,"Non-Hispanic White",0,"Some college or above",0,3.31,"Born in 50 US states or Washington, DC",1
0,1,1,65,"Non-Hispanic White",0,"Less than high school degree",1,4.18,"Born in 50 US states or Washington, DC",2
0,0,1,36,"Non-Hispanic White",0,"Some college or above",0,5,"Born in 50 US states or Washington, DC",1
1,0,2,79,"Non-Hispanic White",0,"High school",0,5,"Born in 50 US states or Washington, DC",1
1,0,2,66,"Non-Hispanic White",0,"High school",1,4.06,"Born in 50 US states or Washington, DC",2
1,0,2,58,"Non-Hispanic White",0,"Some college or above",1,5,"Born in 50 US states or Washington, DC",2
0,0,2,42,"Non-Hispanic White",0,"Some college or above",0,0.48,"Born in 50 US states or Washington, DC",5
0,0,2,25,"Mexican American",0,"Some college or above",0,1.44,"Born in 50 US states or Washington, DC",4
0,0,2,23,"Non-Hispanic Black",0,"Some college or above",0,1.3,"Born in 50 US states or Washington, DC",3
0,0,1,26,"Non-Hispanic White",0,"Some college or above",0,5,"Born in 50 US states or Washington, DC",1
0,0,2,60,"Non-Hispanic White",0,"Some college or above",1,5,"Born in 50 US states or Washington, DC",2
0,0,2,68,"Non-Hispanic White",0,"Some college or above",0,0.82,"Born in 50 US states or Washington, DC",1
0,0,2,70,"Mexican American",0,"Less than high school degree",0,1.94,"Other",6
0,0,2,67,"Non-Hispanic White",0,"Some college or above",1,3.04,"Born in 50 US states or Washington, DC",2
1,0,2,66,"Non-Hispanic White",0,"High school",1,2.07,"Born in 50 US states or Washington, DC",4
1,1,1,59,"Non-Hispanic White",0,"High school",0,0.91,"Born in 50 US states or Washington, DC",3
0,0,1,69,"Non-Hispanic White",0,"Some college or above",1,5,"Born in 50 US states or Washington, DC",2
0,0,1,76,"Other",0,"Some college or above",1,4.88,"Other",5
0,0,2,37,"Non-Hispanic White",0,"Some college or above",1,2.83,"Born in 50 US states or Washington, DC",4
1,0,1,78,"Mexican American",0,"Less than high school degree",1,1.49,"Other",6
0,0,2,39,"Other Hispanic",0,"Some college or above",1,1.77,"Other",4
1,0,2,80,"Non-Hispanic White",0,"Some college or above",0,4.73,"Born in 50 US states or Washington, DC",1
0,0,1,67,"Non-Hispanic White",0,"High school",1,3.12,"Born in 50 US states or Washington, DC",3
0,0,2,61,"Other Hispanic",0,"Some college or above",0,5,"Born in 50 US states or Washington, DC",1
1,0,1,69,"Other Hispanic",0,"Some college or above",0,5,"Born in 50 US states or Washington, DC",1
1,0,2,65,"Other Hispanic",0,"Less than high school degree",1,1.12,"Other",2
1,0,2,63,"Non-Hispanic White",0,"Some college or above",0,1.77,"Born in 50 US states or Washington, DC",1
1,0,2,62,"Non-Hispanic Black",0,"Some college or above",1,1.13,"Born in 50 US states or Washington, DC",5
0,0,2,66,"Non-Hispanic White",0,"High school",0,4.95,"Born in 50 US states or Washington, DC",2
0,0,1,45,"Non-Hispanic White",0,"Some college or above",1,2.82,"Born in 50 US states or Washington, DC",3
0,1,2,69,"Non-Hispanic White",0,"High school",1,2.21,"Born in 50 US states or Washington, DC",2
0,0,1,37,"Mexican American",0,"Some college or above",1,5,"Born in 50 US states or Washington, DC",1
0,0,2,43,"Mexican American",0,"Some college or above",1,5,"Other",4
1,0,1,80,"Non-Hispanic White",0,"Some college or above",1,4.97,"Born in 50 US states or Washington, DC",2
1,0,1,40,"Non-Hispanic Black",0,"Some college or above",1,5,"Born in 50 US states or Washington, DC",4
0,0,2,21,"Non-Hispanic White",0,"High school",0,5,"Born in 50 US states or Washington, DC",4
1,0,2,80,"Non-Hispanic Black",0,"Some college or above",1,0.69,"Other",2
1,0,1,80,"Non-Hispanic Black",0,"Some college or above",1,2.87,"Born in 50 US states or Washington, DC",2
1,0,2,31,"Other Hispanic",0,"Less than high school degree",1,0.58,"Other",6
0,0,2,67,"Non-Hispanic White",0,"Some college or above",0,2.19,"Born in 50 US states or Washington, DC",1
0,0,2,24,"Non-Hispanic Black",0,"High school",0,4.34,"Born in 50 US states or Washington, DC",3
0,0,1,24,"Non-Hispanic White",0,"High school",0,2.94,"Born in 50 US states or Washington, DC",1
1,0,2,63,"Non-Hispanic Black",0,"Some college or above",1,3.69,"Other",4
0,0,1,75,"Non-Hispanic White",0,"Some college or above",1,5,"Born in 50 US states or Washington, DC",2
0,1,1,43,"Non-Hispanic White",0,"Some college or above",1,3.96,"Born in 50 US states or Washington, DC",4
1,0,2,67,"Non-Hispanic White",0,"Some college or above",1,4.56,"Born in 50 US states or Washington, DC",2
1,0,1,55,"Non-Hispanic Asian",0,"Some college or above",1,5,"Other",3
1,1,1,60,"Other",0,"Less than high school degree",0,0.57,"Born in 50 US states or Washington, DC",7
1,0,2,80,"Non-Hispanic White",0,"Some college or above",1,4.92,"Born in 50 US states or Washington, DC",2
0,1,1,45,"Mexican American",0,"High school",1,2,"Other",4
0,0,2,33,"Non-Hispanic White",0,"Some college or above",0,3.47,"Born in 50 US states or Washington, DC",4
1,1,2,66,"Non-Hispanic Black",0,"Less than high school degree",0,0.77,"Born in 50 US states or Washington, DC",1
1,1,2,80,"Non-Hispanic White",0,"High school",1,1.5,"Born in 50 US states or Washington, DC",2
1,0,2,58,"Non-Hispanic White",0,"High school",1,3.3,"Born in 50 US states or Washington, DC",2
1,0,2,68,"Non-Hispanic Black",1,"Some college or above",1,5,"Born in 50 US states or Washington, DC",5
1,1,1,70,"Non-Hispanic Black",0,"Less than high school degree",1,1.62,"Born in 50 US states or Washington, DC",4
0,0,2,32,"Non-Hispanic Black",0,"Some college or above",0,2.61,"Born in 50 US states or Washington, DC",3
0,0,1,30,"Non-Hispanic Black",0,"Some college or above",0,2.06,"Born in 50 US states or Washington, DC",6
0,0,2,69,"Non-Hispanic White",0,"Some college or above",1,3.39,"Other",2
1,0,1,57,"Non-Hispanic Black",1,"Some college or above",1,5,"Born in 50 US states or Washington, DC",3
0,0,2,58,"Non-Hispanic White",0,"Some college or above",0,0.66,"Born in 50 US states or Washington, DC",1
1,0,2,51,"Non-Hispanic White",0,"Some college or above",1,5,"Born in 50 US states or Washington, DC",2
0,1,1,65,"Non-Hispanic White",0,"Some college or above",1,2.62,"Born in 50 US states or Washington, DC",2
0,0,1,74,"Non-Hispanic White",0,"Some college or above",0,3.06,"Born in 50 US states or Washington, DC",5
0,0,1,44,"Mexican American",0,"Less than high school degree",1,3.15,"Born in 50 US states or Washington, DC",3
0,0,2,38,"Mexican American",0,"Some college or above",1,5,"Other",4
0,0,1,36,"Other",0,"High school",1,2.17,"Born in 50 US states or Washington, DC",3
0,0,2,44,"Non-Hispanic Asian",0,"Some college or above",1,5,"Other",4
1,0,2,62,"Non-Hispanic White",0,"Some college or above",1,4.56,"Born in 50 US states or Washington, DC",2
0,1,1,41,"Non-Hispanic Black",0,"Some college or above",0,0.72,"Born in 50 US states or Washington, DC",1
0,0,2,57,"Mexican American",0,"Some college or above",0,0.99,"Other",2
1,0,1,52,"Non-Hispanic White",0,"Some college or above",1,5,"Born in 50 US states or Washington, DC",4
0,0,2,79,"Non-Hispanic White",0,"High school",0,2.58,"Born in 50 US states or Washington, DC",1
0,0,2,21,"Non-Hispanic White",0,"Some college or above",0,0.37,"Born in 50 US states or Washington, DC",4
1,0,1,34,"Non-Hispanic White",0,"High school",1,1.6,"Born in 50 US states or Washington, DC",4
0,1,1,62,"Non-Hispanic White",1,"Some college or above",0,1.1,"Born in 50 US states or Washington, DC",2
0,0,2,80,"Other Hispanic",0,"Some college or above",1,2.16,"Other",4
1,1,2,59,"Non-Hispanic White",0,"High school",0,1.92,"Born in 50 US states or Washington, DC",2
0,0,2,60,"Non-Hispanic White",0,"Some college or above",1,5,"Born in 50 US states or Washington, DC",2
1,0,1,54,"Non-Hispanic Black",0,"High school",1,0.49,"Born in 50 US states or Washington, DC",2
0,0,2,73,"Non-Hispanic White",0,"Some college or above",1,5,"Born in 50 US states or Washington, DC",2
1,0,2,36,"Non-Hispanic Black",0,"Some college or above",0,2.41,"Born in 50 US states or Washington, DC",3
0,0,2,28,"Non-Hispanic White",0,"Some college or above",1,1.37,"Born in 50 US states or Washington, DC",6
0,0,2,42,"Non-Hispanic White",0,"Some college or above",1,5,"Born in 50 US states or Washington, DC",4
0,1,2,57,"Other",0,"Less than high school degree",0,0.4,"Born in 50 US states or Washington, DC",1
0,0,1,54,"Non-Hispanic White",0,"Some college or above",1,5,"Born in 50 US states or Washington, DC",2
0,0,2,66,"Non-Hispanic Asian",0,"High school",1,5,"Other",4
1,1,2,71,"Non-Hispanic White",0,"High school",1,5,"Born in 50 US states or Washington, DC",2
1,1,2,63,"Non-Hispanic White",0,"Some college or above",0,1.86,"Born in 50 US states or Washington, DC",1
0,0,1,40,"Non-Hispanic Asian",0,"Some college or above",0,5,"Born in 50 US states or Washington, DC",1
1,0,2,61,"Non-Hispanic White",0,"Less than high school degree",1,4.92,"Born in 50 US states or Washington, DC",2
1,0,1,41,"Non-Hispanic White",0,"Some college or above",1,5,"Born in 50 US states or Washington, DC",3
1,0,2,63,"Non-Hispanic White",0,"Some college or above",1,5,"Born in 50 US states or Washington, DC",2
0,1,2,49,"Other",0,"Some college or above",1,5,"Born in 50 US states or Washington, DC",3
0,0,1,42,"Mexican American",0,"Less than high school degree",1,0.82,"Other",3
0,0,2,80,"Non-Hispanic White",0,"Some college or above",0,4.05,"Born in 50 US states or Washington, DC",1
0,0,2,46,"Non-Hispanic White",0,"High school",0,1.15,"Born in 50 US states or Washington, DC",2
0,0,2,51,"Mexican American",0,"Some college or above",1,3.16,"Born in 50 US states or Washington, DC",5
0,0,1,47,"Non-Hispanic White",0,"Some college or above",1,2.62,"Born in 50 US states or Washington, DC",2
1,0,1,67,"Non-Hispanic White",0,"Some college or above",1,5,"Born in 50 US states or Washington, DC",2
0,0,1,22,"Non-Hispanic White",0,"High school",0,5,"Born in 50 US states or Washington, DC",4
1,0,2,77,"Other Hispanic",0,"Some college or above",1,2.36,"Other",2
0,0,2,55,"Non-Hispanic White",0,"Some college or above",0,5,"Born in 50 US states or Washington, DC",1
0,0,2,41,"Non-Hispanic Black",0,"High school",1,1.91,"Other",4
0,0,2,63,"Non-Hispanic Asian",0,"Some college or above",0,5,"Other",3
0,0,2,26,"Non-Hispanic White",0,"Some college or above",0,2.21,"Born in 50 US states or Washington, DC",3
1,0,2,69,"Non-Hispanic White",0,"Some college or above",1,5,"Born in 50 US states or Washington, DC",2
0,0,2,66,"Non-Hispanic White",0,"High school",1,1.88,"Born in 50 US states or Washington, DC",2
0,1,1,32,"Other",1,"Some college or above",0,3.67,"Born in 50 US states or Washington, DC",1
0,0,2,49,"Non-Hispanic White",0,"Some college or above",1,4.33,"Born in 50 US states or Washington, DC",4
1,0,1,45,"Non-Hispanic Asian",0,"Some college or above",1,5,"Other",4
0,0,2,62,"Mexican American",0,"Less than high school degree",1,1.09,"Other",2
0,1,2,57,"Other",0,"Some college or above",0,3.43,"Born in 50 US states or Washington, DC",1
0,0,2,48,"Non-Hispanic White",0,"Less than high school degree",1,5,"Born in 50 US states or Washington, DC",3
1,0,1,59,"Non-Hispanic White",0,"Some college or above",1,5,"Born in 50 US states or Washington, DC",2
1,0,2,51,"Mexican American",0,"Less than high school degree",1,0.46,"Other",5
0,0,2,39,"Non-Hispanic White",0,"Some college or above",1,5,"Born in 50 US states or Washington, DC",2
0,0,2,36,"Non-Hispanic White",0,"Some college or above",1,5,"Born in 50 US states or Washington, DC",3
1,0,2,29,"Mexican American",1,"Some college or above",1,5,"Born in 50 US states or Washington, DC",6
1,1,1,37,"Other",0,"High school",0,0,"Born in 50 US states or Washington, DC",2
0,0,2,43,"Mexican American",0,"Some college or above",0,3.42,"Born in 50 US states or Washington, DC",4
0,0,2,43,"Other Hispanic",0,"High school",1,2.09,"Other",3
1,1,2,71,"Non-Hispanic White",0,"High school",0,1.32,"Born in 50 US states or Washington, DC",3
0,0,1,32,"Mexican American",0,"Less than high school degree",1,1.73,"Other",4
0,0,1,43,"Non-Hispanic White",0,"Some college or above",0,4.46,"Born in 50 US states or Washington, DC",1
0,0,2,49,"Non-Hispanic White",0,"Some college or above",0,3.45,"Born in 50 US states or Washington, DC",4
0,0,2,39,"Other Hispanic",0,"High school",1,0.76,"Other",4
1,1,1,77,"Mexican American",0,"Less than high school degree",1,0,"Other",7
1,0,2,68,"Non-Hispanic White",0,"High school",1,2.03,"Other",2
0,0,2,35,"Non-Hispanic White",0,"Some college or above",1,3.34,"Born in 50 US states or Washington, DC",6
1,0,2,65,"Non-Hispanic White",0,"Some college or above",1,3.77,"Born in 50 US states or Washington, DC",2
0,1,2,55,"Non-Hispanic White",0,"Less than high school degree",1,2.15,"Born in 50 US states or Washington, DC",4
1,0,2,80,"Non-Hispanic White",0,"Some college or above",0,1.25,"Born in 50 US states or Washington, DC",1
0,1,1,50,"Non-Hispanic White",0,"High school",1,1.83,"Born in 50 US states or Washington, DC",4
1,0,1,50,"Non-Hispanic White",0,"Some college or above",0,3.04,"Born in 50 US states or Washington, DC",2
0,0,1,76,"Non-Hispanic White",1,"Some college or above",0,1.31,"Born in 50 US states or Washington, DC",2
1,0,1,74,"Non-Hispanic White",1,"Some college or above",1,3.55,"Born in 50 US states or Washington, DC",2
1,0,2,68,"Non-Hispanic White",1,"Some college or above",0,1.55,"Born in 50 US states or Washington, DC",2
0,0,1,45,"Non-Hispanic White",0,"Some college or above",0,5,"Born in 50 US states or Washington, DC",1
0,0,2,24,"Non-Hispanic Black",0,"High school",0,0.03,"Born in 50 US states or Washington, DC",1
0,0,1,79,"Other",0,"Some college or above",0,5,"Born in 50 US states or Washington, DC",1
0,0,1,22,"Other",0,"Some college or above",0,0.58,"Born in 50 US states or Washington, DC",1
0,0,1,52,"Non-Hispanic White",0,"Some college or above",1,5,"Born in 50 US states or Washington, DC",3
1,0,2,73,"Non-Hispanic White",0,"Some college or above",0,1.4,"Born in 50 US states or Washington, DC",1
0,0,2,30,"Other",0,"Some college or above",1,5,"Other",2
1,0,1,80,"Mexican American",0,"Less than high school degree",1,1.19,"Other",7
0,0,2,58,"Other",0,"Less than high school degree",0,0.66,"Born in 50 US states or Washington, DC",1
0,1,1,62,"Other Hispanic",0,"Some college or above",1,1.64,"Other",2
1,0,1,62,"Non-Hispanic Black",0,"High school",1,0.8,"Born in 50 US states or Washington, DC",3
1,0,2,68,"Non-Hispanic White",0,"High school",0,1.29,"Born in 50 US states or Washington, DC",2
0,1,1,63,"Other",0,"Less than high school degree",0,0.53,"Born in 50 US states or Washington, DC",2
1,1,1,56,"Non-Hispanic White",1,"Some college or above",1,5,"Born in 50 US states or Washington, DC",2
0,0,2,29,"Other",0,"Some college or above",1,0.94,"Born in 50 US states or Washington, DC",4
0,0,2,50,"Non-Hispanic White",0,"Some college or above",1,5,"Born in 50 US states or Washington, DC",2
0,0,2,80,"Non-Hispanic White",0,"Some college or above",0,5,"Born in 50 US states or Washington, DC",1
0,0,2,69,"Non-Hispanic White",0,"Some college or above",0,1.32,"Other",2
1,0,2,80,"Non-Hispanic White",0,"High school",0,1.47,"Born in 50 US states or Washington, DC",1
0,1,2,37,"Other Hispanic",0,"Some college or above",0,4.13,"Born in 50 US states or Washington, DC",2
0,0,1,21,"Non-Hispanic White",0,"High school",0,2.39,"Born in 50 US states or Washington, DC",3
0,0,2,37,"Non-Hispanic White",0,"Some college or above",1,4.33,"Born in 50 US states or Washington, DC",4
0,0,2,58,"Non-Hispanic White",0,"Some college or above",1,5,"Born in 50 US states or Washington, DC",3
0,0,2,69,"Non-Hispanic White",0,"Some college or above",0,4.32,"Born in 50 US states or Washington, DC",1
0,0,1,29,"Non-Hispanic White",0,"Some college or above",1,5,"Born in 50 US states or Washington, DC",3
0,0,1,56,"Non-Hispanic White",0,"Some college or above",1,5,"Born in 50 US states or Washington, DC",4
1,0,1,75,"Non-Hispanic White",0,"Some college or above",1,1.78,"Born in 50 US states or Washington, DC",2
0,0,1,38,"Non-Hispanic White",0,"Some college or above",1,5,"Other",3
0,0,1,30,"Mexican American",0,"High school",0,1.72,"Born in 50 US states or Washington, DC",7
1,0,1,38,"Non-Hispanic Black",0,"High school",0,1.4,"Born in 50 US states or Washington, DC",4
0,0,1,57,"Other Hispanic",0,"Some college or above",1,5,"Born in 50 US states or Washington, DC",2
1,0,2,74,"Other",1,"Some college or above",0,2.18,"Other",2
0,1,1,69,"Non-Hispanic Asian",0,"Some college or above",1,5,"Other",7
1,1,2,60,"Non-Hispanic White",0,"High school",0,1.9,"Born in 50 US states or Washington, DC",3
0,0,1,54,"Other",0,"Some college or above",1,4.75,"Born in 50 US states or Washington, DC",3
0,0,2,49,"Non-Hispanic White",0,"Less than high school degree",0,2.28,"Born in 50 US states or Washington, DC",2
0,0,1,57,"Non-Hispanic White",0,"Some college or above",0,5,"Born in 50 US states or Washington, DC",1
1,1,1,62,"Other Hispanic",0,"High school",0,3.43,"Born in 50 US states or Washington, DC",3
1,0,2,73,"Non-Hispanic White",0,"Some college or above",1,2.61,"Born in 50 US states or Washington, DC",3
1,0,1,50,"Non-Hispanic Black",0,"Less than high school degree",1,2.87,"Other",1
0,0,1,44,"Non-Hispanic White",0,"Some college or above",0,5,"Born in 50 US states or Washington, DC",1
0,0,2,30,"Non-Hispanic Black",0,"Some college or above",0,5,"Born in 50 US states or Washington, DC",1
1,1,1,58,"Non-Hispanic White",0,"High school",0,0.88,"Born in 50 US states or Washington, DC",1
0,0,2,21,"Mexican American",0,"Some college or above",0,0.45,"Born in 50 US states or Washington, DC",7
0,0,2,28,"Non-Hispanic Black",0,"Some college or above",0,0.6,"Born in 50 US states or Washington, DC",2
0,0,1,35,"Other",0,"Some college or above",0,0.88,"Other",1
0,0,1,21,"Non-Hispanic White",0,"Some college or above",0,3.47,"Born in 50 US states or Washington, DC",4
1,1,2,60,"Mexican American",0,"Less than high school degree",1,2.31,"Other",5
0,0,1,35,"Non-Hispanic White",0,"Some college or above",1,5,"Born in 50 US states or Washington, DC",2
0,0,2,56,"Non-Hispanic Asian",0,"High school",0,0.69,"Born in 50 US states or Washington, DC",1
0,1,1,47,"Non-Hispanic White",0,"High school",0,0.86,"Born in 50 US states or Washington, DC",1
1,1,2,55,"Non-Hispanic White",0,"Some college or above",0,0.74,"Born in 50 US states or Washington, DC",2
0,1,1,55,"Non-Hispanic White",0,"High school",0,0.77,"Born in 50 US states or Washington, DC",1
0,0,1,64,"Non-Hispanic White",0,"Some college or above",0,1.37,"Born in 50 US states or Washington, DC",2
0,0,2,59,"Non-Hispanic White",0,"Some college or above",1,5,"Born in 50 US states or Washington, DC",2
0,0,2,66,"Non-Hispanic White",0,"Some college or above",1,4,"Born in 50 US states or Washington, DC",4
1,0,2,68,"Non-Hispanic Black",0,"High school",0,0.88,"Born in 50 US states or Washington, DC",1
0,0,1,68,"Non-Hispanic White",0,"Some college or above",1,3.96,"Born in 50 US states or Washington, DC",2
0,0,2,39,"Other Hispanic",0,"Less than high school degree",1,0.49,"Other",7
0,1,2,43,"Non-Hispanic White",1,"Some college or above",0,3.15,"Born in 50 US states or Washington, DC",1
1,1,1,70,"Non-Hispanic White",0,"Some college or above",1,5,"Born in 50 US states or Washington, DC",2
0,0,1,40,"Mexican American",0,"Some college or above",1,5,"Born in 50 US states or Washington, DC",2
0,0,2,58,"Non-Hispanic White",0,"Some college or above",1,5,"Born in 50 US states or Washington, DC",2
1,0,2,60,"Non-Hispanic White",0,"Some college or above",1,2.92,"Born in 50 US states or Washington, DC",5
1,0,1,72,"Non-Hispanic Asian",0,"Less than high school degree",1,1.93,"Other",7
0,0,2,27,"Non-Hispanic Black",0,"Some college or above",0,1.47,"Other",1
0,0,2,27,"Other Hispanic",0,"Less than high school degree",1,0.23,"Other",7
0,1,2,56,"Non-Hispanic White",0,"High school",0,0.72,"Born in 50 US states or Washington, DC",2
0,0,2,36,"Non-Hispanic Black",0,"Some college or above",0,1.48,"Born in 50 US states or Washington, DC",3
1,0,1,60,"Other",1,"Some college or above",1,0.27,"Born in 50 US states or Washington, DC",2
0,0,1,65,"Non-Hispanic Black",0,"Some college or above",0,4.78,"Born in 50 US states or Washington, DC",1
0,0,2,36,"Non-Hispanic Black",0,"High school",0,3.38,"Born in 50 US states or Washington, DC",1
0,1,1,73,"Non-Hispanic White",1,"Some college or above",1,1.38,"Born in 50 US states or Washington, DC",2
0,0,2,22,"Non-Hispanic White",0,"Some college or above",1,1.03,"Born in 50 US states or Washington, DC",2
1,0,1,39,"Non-Hispanic Asian",0,"Some college or above",1,5,"Born in 50 US states or Washington, DC",3
0,0,2,31,"Non-Hispanic Asian",0,"Some college or above",1,0.58,"Other",7
0,0,2,24,"Other",0,"Some college or above",0,4.32,"Born in 50 US states or Washington, DC",4
1,1,1,57,"Non-Hispanic White",0,"Less than high school degree",0,0.29,"Born in 50 US states or Washington, DC",2
0,0,1,31,"Other Hispanic",0,"Some college or above",1,0.68,"Other",3
1,0,2,69,"Non-Hispanic White",0,"Some college or above",1,5,"Born in 50 US states or Washington, DC",2
1,0,1,70,"Mexican American",0,"Less than high school degree",1,1.09,"Other",2
0,0,1,39,"Non-Hispanic White",0,"Some college or above",1,3.42,"Born in 50 US states or Washington, DC",4
1,0,2,66,"Mexican American",0,"Some college or above",1,2.84,"Born in 50 US states or Washington, DC",2
0,0,2,71,"Non-Hispanic White",0,"Some college or above",0,0.06,"Born in 50 US states or Washington, DC",2
0,0,2,34,"Non-Hispanic Black",0,"Some college or above",0,2.5,"Born in 50 US states or Washington, DC",1
0,1,2,39,"Non-Hispanic Black",0,"Some college or above",1,1.06,"Born in 50 US states or Washington, DC",2
0,0,1,44,"Other",0,"Some college or above",1,5,"Born in 50 US states or Washington, DC",2
1,0,1,54,"Non-Hispanic Asian",1,"Some college or above",0,3.11,"Other",2
0,0,1,49,"Non-Hispanic White",0,"Some college or above",1,5,"Born in 50 US states or Washington, DC",2
0,0,1,40,"Non-Hispanic White",0,"Some college or above",1,5,"Other",2
0,0,2,76,"Non-Hispanic White",0,"Some college or above",1,3.9,"Born in 50 US states or Washington, DC",2
0,0,2,46,"Non-Hispanic White",0,"Some college or above",0,3.47,"Born in 50 US states or Washington, DC",3
1,1,2,62,"Non-Hispanic White",0,"High school",1,4.44,"Born in 50 US states or Washington, DC",3
0,0,2,21,"Mexican American",0,"Some college or above",0,1.84,"Born in 50 US states or Washington, DC",3
0,0,1,29,"Non-Hispanic White",0,"Some college or above",0,5,"Born in 50 US states or Washington, DC",3
0,1,2,34,"Non-Hispanic White",0,"High school",1,0.03,"Born in 50 US states or Washington, DC",2
1,0,2,74,"Non-Hispanic White",0,"High school",0,3.49,"Born in 50 US states or Washington, DC",1
0,0,1,20,"Other Hispanic",1,"High school",1,1.41,"Born in 50 US states or Washington, DC",7
0,0,2,56,"Mexican American",0,"Some college or above",0,2.5,"Born in 50 US states or Washington, DC",1
0,0,2,74,"Non-Hispanic White",0,"High school",1,3,"Born in 50 US states or Washington, DC",2
0,0,2,36,"Non-Hispanic White",0,"Some college or above",0,1.3,"Born in 50 US states or Washington, DC",1
0,0,2,37,"Other Hispanic",0,"Some college or above",1,0.8,"Other",5
0,0,1,71,"Other",0,"Some college or above",1,5,"Born in 50 US states or Washington, DC",2
0,0,1,78,"Non-Hispanic White",1,"Some college or above",0,3.26,"Born in 50 US states or Washington, DC",1
1,0,2,65,"Non-Hispanic Black",0,"High school",1,1.3,"Born in 50 US states or Washington, DC",3
1,0,1,72,"Non-Hispanic White",0,"Some college or above",1,4.67,"Born in 50 US states or Washington, DC",2
0,0,1,46,"Non-Hispanic Black",0,"High school",1,2.05,"Born in 50 US states or Washington, DC",3
0,0,1,43,"Non-Hispanic White",0,"Some college or above",1,2.03,"Born in 50 US states or Washington, DC",7
0,0,2,34,"Non-Hispanic White",0,"Some college or above",0,4,"Born in 50 US states or Washington, DC",4
0,0,2,22,"Non-Hispanic White",0,"Some college or above",0,0.15,"Born in 50 US states or Washington, DC",3
1,0,2,68,"Non-Hispanic White",0,"Less than high school degree",1,2.74,"Born in 50 US states or Washington, DC",3
0,0,2,45,"Mexican American",0,"Less than high school degree",1,2.69,"Other",6
1,0,1,80,"Non-Hispanic White",1,"Some college or above",0,5,"Born in 50 US states or Washington, DC",1
0,0,1,44,"Non-Hispanic White",0,"High school",1,1.99,"Born in 50 US states or Washington, DC",5
0,0,1,72,"Non-Hispanic White",1,"Some college or above",1,5,"Born in 50 US states or Washington, DC",2
1,0,2,65,"Non-Hispanic White",0,"Some college or above",1,5,"Born in 50 US states or Washington, DC",4
0,0,2,23,"Non-Hispanic White",0,"Some college or above",0,0.34,"Born in 50 US states or Washington, DC",1
0,0,2,23,"Other",0,"Some college or above",0,0.26,"Born in 50 US states or Washington, DC",2
0,0,2,39,"Other Hispanic",0,"Some college or above",1,2.43,"Other",3
1,0,2,41,"Mexican American",0,"Some college or above",0,2.2,"Born in 50 US states or Washington, DC",4
1,0,1,70,"Non-Hispanic White",0,"High school",1,2.79,"Born in 50 US states or Washington, DC",2
0,0,1,48,"Non-Hispanic White",0,"Some college or above",1,5,"Born in 50 US states or Washington, DC",2
1,0,1,59,"Non-Hispanic Black",0,"Some college or above",0,5,"Born in 50 US states or Washington, DC",1
1,0,1,63,"Non-Hispanic White",0,"Some college or above",1,5,"Born in 50 US states or Washington, DC",2
0,0,1,22,"Non-Hispanic Asian",0,"Some college or above",0,4.3,"Born in 50 US states or Washington, DC",3
0,1,1,50,"Non-Hispanic White",0,"Less than high school degree",1,1.14,"Born in 50 US states or Washington, DC",2
0,0,1,30,"Mexican American",0,"Some college or above",1,5,"Born in 50 US states or Washington, DC",3
1,0,2,53,"Non-Hispanic White",0,"Some college or above",1,3.67,"Born in 50 US states or Washington, DC",4
0,0,1,53,"Non-Hispanic White",0,"Some college or above",1,5,"Born in 50 US states or Washington, DC",1
1,0,2,73,"Non-Hispanic White",0,"High school",0,2.74,"Born in 50 US states or Washington, DC",1
0,1,1,43,"Non-Hispanic White",0,"High school",1,4.25,"Born in 50 US states or Washington, DC",2
1,0,2,76,"Non-Hispanic White",0,"Some college or above",0,3.11,"Born in 50 US states or Washington, DC",1
0,0,2,29,"Non-Hispanic Asian",0,"Some college or above",1,5,"Other",2
1,0,2,54,"Other Hispanic",0,"Some college or above",0,0.83,"Other",5
1,0,2,70,"Non-Hispanic White",0,"Some college or above",1,3.8,"Born in 50 US states or Washington, DC",2
0,0,2,61,"Mexican American",0,"Less than high school degree",1,0.02,"Other",4
0,1,2,51,"Non-Hispanic White",0,"High school",1,4.64,"Born in 50 US states or Washington, DC",2
1,1,1,63,"Non-Hispanic Asian",0,"Less than high school degree",1,1.42,"Other",2
1,0,1,51,"Non-Hispanic Asian",1,"High school",1,5,"Other",3
0,1,2,58,"Non-Hispanic White",0,"High school",0,2.21,"Born in 50 US states or Washington, DC",1
0,0,2,24,"Non-Hispanic White",0,"Some college or above",0,1.99,"Born in 50 US states or Washington, DC",2
0,1,2,66,"Non-Hispanic White",0,"Some college or above",1,5,"Born in 50 US states or Washington, DC",2
0,0,1,38,"Non-Hispanic White",0,"High school",1,1.26,"Born in 50 US states or Washington, DC",4
0,0,1,68,"Non-Hispanic Black",0,"Some college or above",0,5,"Born in 50 US states or Washington, DC",1
0,0,2,37,"Other",0,"Some college or above",0,1.04,"Born in 50 US states or Washington, DC",3
1,0,2,63,"Non-Hispanic White",0,"Some college or above",0,5,"Born in 50 US states or Washington, DC",2
0,0,1,49,"Non-Hispanic White",0,"Some college or above",1,5,"Other",4
1,0,2,80,"Non-Hispanic White",0,"High school",0,0.98,"Born in 50 US states or Washington, DC",3
1,0,2,65,"Other Hispanic",0,"Some college or above",0,5,"Other",5
0,0,1,49,"Non-Hispanic White",0,"High school",1,3.6,"Born in 50 US states or Washington, DC",3
0,0,2,41,"Non-Hispanic White",0,"Some college or above",1,5,"Born in 50 US states or Washington, DC",4
0,1,2,55,"Non-Hispanic White",0,"High school",0,0.1,"Born in 50 US states or Washington, DC",2
1,0,1,62,"Other Hispanic",0,"Some college or above",0,2.73,"Other",2
1,0,1,76,"Non-Hispanic White",0,"Some college or above",0,4.8,"Born in 50 US states or Washington, DC",1
0,0,1,78,"Non-Hispanic White",0,"Some college or above",0,2.58,"Born in 50 US states or Washington, DC",5
1,0,1,71,"Non-Hispanic White",0,"Less than high school degree",1,4.06,"Born in 50 US states or Washington, DC",2
1,0,1,75,"Non-Hispanic White",1,"Some college or above",1,3.8,"Born in 50 US states or Washington, DC",2
1,0,2,73,"Non-Hispanic Black",0,"Some college or above",0,5,"Born in 50 US states or Washington, DC",2
1,0,2,77,"Non-Hispanic White",0,"Some college or above",1,2.32,"Born in 50 US states or Washington, DC",2
0,0,1,37,"Non-Hispanic White",0,"Some college or above",1,2.17,"Born in 50 US states or Washington, DC",3
1,0,2,59,"Other",0,"Some college or above",1,5,"Born in 50 US states or Washington, DC",3
0,1,1,59,"Non-Hispanic Black",0,"High school",0,1.69,"Born in 50 US states or Washington, DC",1
0,1,1,73,"Non-Hispanic White",1,"Some college or above",1,1.67,"Born in 50 US states or Washington, DC",2
0,0,2,67,"Non-Hispanic White",0,"Some college or above",1,5,"Born in 50 US states or Washington, DC",2
1,0,2,80,"Non-Hispanic Black",0,"Less than high school degree",0,0.71,"Other",3
0,0,1,80,"Non-Hispanic White",1,"Some college or above",1,4.06,"Born in 50 US states or Washington, DC",2
0,0,2,29,"Mexican American",0,"Some college or above",1,3.04,"Other",2
0,0,1,45,"Non-Hispanic Black",0,"Some college or above",1,1.34,"Born in 50 US states or Washington, DC",6
0,0,2,80,"Non-Hispanic White",0,"Some college or above",1,3.14,"Born in 50 US states or Washington, DC",2
0,0,1,69,"Non-Hispanic White",0,"Some college or above",1,2.33,"Born in 50 US states or Washington, DC",4
0,1,1,54,"Non-Hispanic Black",0,"High school",1,1.23,"Born in 50 US states or Washington, DC",2
1,0,2,70,"Non-Hispanic White",0,"Some college or above",1,4.01,"Born in 50 US states or Washington, DC",2
0,0,1,20,"Non-Hispanic White",0,"Some college or above",0,1.65,"Born in 50 US states or Washington, DC",1
1,0,1,70,"Non-Hispanic White",0,"High school",1,4.64,"Born in 50 US states or Washington, DC",2
1,0,1,51,"Other",0,"Some college or above",0,1.18,"Born in 50 US states or Washington, DC",1
1,0,2,71,"Non-Hispanic Black",0,"Some college or above",0,5,"Born in 50 US states or Washington, DC",2
1,0,1,68,"Non-Hispanic White",1,"Some college or above",1,5,"Born in 50 US states or Washington, DC",2
1,0,2,70,"Non-Hispanic White",0,"Some college or above",1,4.37,"Born in 50 US states or Washington, DC",2
1,0,1,62,"Non-Hispanic White",0,"Some college or above",1,3.42,"Born in 50 US states or Washington, DC",4
1,0,1,80,"Non-Hispanic White",1,"Less than high school degree",0,1.03,"Born in 50 US states or Washington, DC",1
1,1,1,36,"Non-Hispanic White",0,"High school",1,2.33,"Born in 50 US states or Washington, DC",4
0,0,1,33,"Non-Hispanic White",0,"Some college or above",1,5,"Born in 50 US states or Washington, DC",3
0,0,1,36,"Non-Hispanic White",0,"Some college or above",1,5,"Born in 50 US states or Washington, DC",3
0,0,2,50,"Mexican American",0,"Less than high school degree",1,1.14,"Other",5
0,1,1,36,"Mexican American",0,"Less than high school degree",1,4.22,"Born in 50 US states or Washington, DC",4
0,0,1,25,"Mexican American",0,"Some college or above",1,5,"Born in 50 US states or Washington, DC",2
0,0,1,52,"Non-Hispanic White",1,"Some college or above",0,3.53,"Born in 50 US states or Washington, DC",4
1,0,2,67,"Non-Hispanic White",0,"Some college or above",1,5,"Born in 50 US states or Washington, DC",2
0,0,2,71,"Non-Hispanic White",0,"Some college or above",1,3.3,"Born in 50 US states or Washington, DC",2
0,0,1,53,"Non-Hispanic Black",1,"Some college or above",0,4.21,"Born in 50 US states or Washington, DC",2
0,0,1,25,"Non-Hispanic Asian",0,"Some college or above",0,2.92,"Born in 50 US states or Washington, DC",1
1,0,2,46,"Non-Hispanic White",0,"Some college or above",1,5,"Born in 50 US states or Washington, DC",3
0,0,1,41,"Non-Hispanic White",0,"Some college or above",1,5,"Born in 50 US states or Washington, DC",5
0,1,2,42,"Non-Hispanic White",0,"High school",1,1.24,"Born in 50 US states or Washington, DC",7
1,0,1,41,"Other",0,"Some college or above",1,1.71,"Born in 50 US states or Washington, DC",5
0,0,2,27,"Non-Hispanic White",0,"Some college or above",1,1.37,"Born in 50 US states or Washington, DC",2
1,0,2,38,"Non-Hispanic Black",0,"Some college or above",1,2.58,"Other",5
1,0,1,44,"Non-Hispanic White",0,"Some college or above",0,5,"Born in 50 US states or Washington, DC",1
0,1,2,71,"Non-Hispanic White",0,"Some college or above",0,5,"Born in 50 US states or Washington, DC",2
1,0,1,61,"Non-Hispanic White",0,"Some college or above",0,5,"Born in 50 US states or Washington, DC",1
0,0,1,26,"Non-Hispanic White",0,"High school",1,5,"Born in 50 US states or Washington, DC",2
1,0,1,72,"Non-Hispanic White",1,"Some college or above",1,4.72,"Born in 50 US states or Washington, DC",2
0,0,2,20,"Non-Hispanic White",0,"Less than high school degree",0,1.13,"Born in 50 US states or Washington, DC",4
0,0,2,44,"Non-Hispanic White",0,"Some college or above",1,3.23,"Born in 50 US states or Washington, DC",6
0,0,1,57,"Non-Hispanic White",0,"Some college or above",0,5,"Born in 50 US states or Washington, DC",2
0,0,2,74,"Non-Hispanic White",0,"Some college or above",1,5,"Born in 50 US states or Washington, DC",2
0,0,1,38,"Other Hispanic",0,"High school",1,2.75,"Born in 50 US states or Washington, DC",7
0,0,1,44,"Non-Hispanic Asian",0,"Some college or above",0,3.19,"Other",3
0,0,2,44,"Other Hispanic",0,"Some college or above",1,3.22,"Other",3
0,0,2,30,"Non-Hispanic White",0,"Some college or above",1,5,"Born in 50 US states or Washington, DC",2
0,0,2,48,"Non-Hispanic White",0,"Some college or above",1,1.57,"Born in 50 US states or Washington, DC",5
0,0,2,61,"Non-Hispanic White",0,"Some college or above",0,0.51,"Born in 50 US states or Washington, DC",2
0,0,1,64,"Non-Hispanic White",0,"Some college or above",1,3.65,"Born in 50 US states or Washington, DC",2
0,1,2,30,"Non-Hispanic White",0,"High school",1,0.45,"Born in 50 US states or Washington, DC",7
1,0,2,43,"Mexican American",0,"High school",1,1.52,"Other",3
1,0,2,63,"Non-Hispanic White",0,"Some college or above",1,3.99,"Other",2
0,0,2,27,"Non-Hispanic White",0,"Some college or above",1,0.96,"Born in 50 US states or Washington, DC",3
1,1,2,52,"Non-Hispanic Black",0,"Less than high school degree",0,1.58,"Born in 50 US states or Washington, DC",1
1,0,2,72,"Non-Hispanic White",0,"Some college or above",1,2.23,"Born in 50 US states or Washington, DC",2
0,0,1,53,"Non-Hispanic Black",0,"High school",1,0.63,"Other",6
0,0,2,25,"Non-Hispanic White",0,"Some college or above",0,3.69,"Born in 50 US states or Washington, DC",4
0,0,1,61,"Non-Hispanic White",0,"Less than high school degree",1,2.98,"Born in 50 US states or Washington, DC",6
0,0,2,60,"Non-Hispanic White",0,"High school",0,4.1,"Born in 50 US states or Washington, DC",3
0,0,2,62,"Mexican American",0,"Less than high school degree",1,1.9,"Other",2
0,0,2,64,"Non-Hispanic White",0,"Some college or above",0,5,"Born in 50 US states or Washington, DC",3
1,0,2,61,"Non-Hispanic Asian",0,"Some college or above",1,3.55,"Other",2
1,0,1,69,"Non-Hispanic White",0,"High school",0,0.57,"Born in 50 US states or Washington, DC",2
0,0,2,31,"Non-Hispanic Black",0,"Some college or above",1,5,"Born in 50 US states or Washington, DC",2
0,0,1,37,"Non-Hispanic Asian",0,"Some college or above",1,5,"Born in 50 US states or Washington, DC",3
0,0,2,61,"Non-Hispanic White",0,"High school",0,1.41,"Born in 50 US states or Washington, DC",4
0,1,1,55,"Other",0,"Some college or above",0,2.95,"Born in 50 US states or Washington, DC",2
1,0,1,63,"Non-Hispanic White",0,"Some college or above",1,5,"Born in 50 US states or Washington, DC",2
0,0,2,61,"Non-Hispanic White",0,"Some college or above",0,4.37,"Born in 50 US states or Washington, DC",2
1,0,2,76,"Non-Hispanic Asian",0,"Less than high school degree",1,1.16,"Other",2
1,0,2,70,"Non-Hispanic White",0,"Some college or above",0,3.31,"Born in 50 US states or Washington, DC",1
1,0,1,57,"Non-Hispanic Black",0,"Less than high school degree",1,0.98,"Born in 50 US states or Washington, DC",2
0,0,1,55,"Non-Hispanic White",0,"High school",1,5,"Born in 50 US states or Washington, DC",3
0,1,1,59,"Non-Hispanic White",0,"High school",1,3.7,"Born in 50 US states or Washington, DC",3
1,0,2,69,"Non-Hispanic White",0,"Some college or above",1,1.72,"Born in 50 US states or Washington, DC",2
1,0,2,64,"Non-Hispanic Black",0,"Less than high school degree",0,0.98,"Born in 50 US states or Washington, DC",2
0,0,1,67,"Non-Hispanic White",0,"Some college or above",1,5,"Other",2
0,0,1,59,"Non-Hispanic White",0,"Some college or above",1,5,"Born in 50 US states or Washington, DC",2
1,0,2,64,"Non-Hispanic White",0,"Some college or above",1,5,"Born in 50 US states or Washington, DC",3
1,0,1,50,"Non-Hispanic Black",0,"Some college or above",0,5,"Born in 50 US states or Washington, DC",1
1,0,2,62,"Non-Hispanic White",0,"Some college or above",1,5,"Born in 50 US states or Washington, DC",2
0,0,2,49,"Mexican American",0,"Some college or above",0,1.62,"Other",1
1,0,1,80,"Non-Hispanic White",1,"Some college or above",1,3.28,"Born in 50 US states or Washington, DC",2
1,1,2,63,"Non-Hispanic White",0,"Some college or above",0,0.49,"Born in 50 US states or Washington, DC",4
1,0,1,53,"Mexican American",0,"High school",0,2.41,"Born in 50 US states or Washington, DC",1
1,0,2,71,"Non-Hispanic White",0,"Some college or above",1,3.28,"Born in 50 US states or Washington, DC",2
0,0,2,28,"Non-Hispanic White",0,"Some college or above",1,3.6,"Born in 50 US states or Washington, DC",4
1,0,2,69,"Non-Hispanic White",0,"Some college or above",1,4.64,"Born in 50 US states or Washington, DC",2
0,0,2,41,"Mexican American",0,"Less than high school degree",1,1.12,"Other",6
1,0,2,76,"Other Hispanic",0,"Some college or above",1,1.37,"Other",2
0,0,2,74,"Non-Hispanic White",0,"Some college or above",1,2.87,"Born in 50 US states or Washington, DC",2
0,0,1,35,"Non-Hispanic White",0,"Some college or above",1,5,"Born in 50 US states or Washington, DC",2
0,0,2,52,"Non-Hispanic White",0,"Some college or above",0,5,"Other",2
1,0,1,76,"Non-Hispanic White",1,"Some college or above",1,5,"Born in 50 US states or Washington, DC",2
1,1,2,52,"Other Hispanic",0,"Some college or above",0,2.72,"Born in 50 US states or Washington, DC",1
1,0,1,77,"Non-Hispanic White",1,"Some college or above",1,2.18,"Born in 50 US states or Washington, DC",2
0,0,1,56,"Non-Hispanic White",0,"Some college or above",1,5,"Born in 50 US states or Washington, DC",4
1,1,1,74,"Other",1,"Some college or above",1,1.69,"Born in 50 US states or Washington, DC",2
0,0,1,33,"Non-Hispanic White",0,"Some college or above",0,5,"Born in 50 US states or Washington, DC",2
1,0,2,74,"Non-Hispanic White",0,"Some college or above",0,3.16,"Born in 50 US states or Washington, DC",1
0,0,2,65,"Non-Hispanic White",0,"Some college or above",1,5,"Born in 50 US states or Washington, DC",2
1,0,2,50,"Non-Hispanic White",0,"Some college or above",1,3.42,"Born in 50 US states or Washington, DC",4
0,0,1,33,"Mexican American",1,"Some college or above",0,4.8,"Born in 50 US states or Washington, DC",1
0,0,1,44,"Non-Hispanic White",0,"Less than high school degree",1,3.08,"Born in 50 US states or Washington, DC",5
0,1,2,58,"Non-Hispanic White",0,"Some college or above",0,0.88,"Born in 50 US states or Washington, DC",1
0,0,2,75,"Non-Hispanic Asian",0,"Some college or above",0,4,"Other",4
1,0,2,58,"Non-Hispanic White",0,"High school",1,3.55,"Born in 50 US states or Washington, DC",2
1,0,1,57,"Non-Hispanic Black",1,"High school",0,4.56,"Born in 50 US states or Washington, DC",1
0,0,2,68,"Non-Hispanic White",0,"Some college or above",1,3,"Other",2
0,0,2,60,"Non-Hispanic White",0,"Some college or above",1,5,"Born in 50 US states or Washington, DC",2
0,1,1,33,"Non-Hispanic White",0,"High school",0,2,"Born in 50 US states or Washington, DC",3
0,1,1,35,"Non-Hispanic White",1,"High school",0,2.37,"Born in 50 US states or Washington, DC",1
0,0,2,20,"Non-Hispanic White",0,"Some college or above",0,0.29,"Born in 50 US states or Washington, DC",4
0,0,2,30,"Other Hispanic",0,"Some college or above",1,3.26,"Born in 50 US states or Washington, DC",3
0,0,2,65,"Non-Hispanic White",0,"Some college or above",1,5,"Born in 50 US states or Washington, DC",2
0,0,1,32,"Non-Hispanic White",0,"Some college or above",1,5,"Born in 50 US states or Washington, DC",4
0,1,1,57,"Non-Hispanic White",1,"Some college or above",0,1.71,"Other",1
0,0,2,39,"Non-Hispanic Black",0,"High school",0,0.93,"Other",3
0,0,2,64,"Mexican American",0,"Some college or above",1,3.47,"Born in 50 US states or Washington, DC",3
0,0,2,46,"Non-Hispanic White",0,"Some college or above",1,5,"Born in 50 US states or Washington, DC",4
0,0,1,44,"Non-Hispanic Asian",0,"Some college or above",1,5,"Other",3
0,0,2,38,"Other Hispanic",0,"Some college or above",1,3.69,"Other",3
0,0,1,21,"Non-Hispanic White",0,"Some college or above",0,0.66,"Born in 50 US states or Washington, DC",3
0,1,1,38,"Non-Hispanic White",1,"Some college or above",1,4.66,"Born in 50 US states or Washington, DC",1
1,1,1,66,"Non-Hispanic Black",0,"Some college or above",0,3.68,"Born in 50 US states or Washington, DC",1
0,0,2,45,"Non-Hispanic White",0,"High school",1,1.22,"Born in 50 US states or Washington, DC",4
0,0,2,21,"Mexican American",0,"Some college or above",0,0.52,"Born in 50 US states or Washington, DC",2
0,0,2,37,"Other Hispanic",0,"Some college or above",1,0.62,"Other",5
0,0,2,37,"Other Hispanic",0,"Some college or above",0,0.41,"Other",4
0,0,1,79,"Non-Hispanic White",1,"Less than high school degree",1,2.18,"Born in 50 US states or Washington, DC",2
1,0,2,58,"Non-Hispanic White",0,"Some college or above",1,5,"Born in 50 US states or Washington, DC",2
1,1,1,70,"Non-Hispanic White",0,"High school",0,1.09,"Born in 50 US states or Washington, DC",1
0,0,2,42,"Mexican American",0,"Less than high school degree",1,0.87,"Other",3
0,0,2,31,"Non-Hispanic White",0,"Some college or above",0,0.91,"Born in 50 US states or Washington, DC",3
0,0,2,43,"Non-Hispanic White",0,"High school",1,2.88,"Other",4
1,0,2,78,"Non-Hispanic Asian",0,"Some college or above",0,4.42,"Other",1
0,0,2,74,"Non-Hispanic White",0,"Some college or above",1,5,"Born in 50 US states or Washington, DC",2
1,0,2,54,"Non-Hispanic White",0,"High school",1,1.69,"Born in 50 US states or Washington, DC",2
1,0,1,71,"Mexican American",0,"High school",1,5,"Born in 50 US states or Washington, DC",3
0,0,2,24,"Non-Hispanic White",0,"Some college or above",1,4.1,"Born in 50 US states or Washington, DC",2
1,0,1,52,"Non-Hispanic Black",0,"Some college or above",0,4,"Born in 50 US states or Washington, DC",5
0,0,1,36,"Non-Hispanic White",0,"Some college or above",1,5,"Born in 50 US states or Washington, DC",3
0,0,2,29,"Mexican American",0,"Some college or above",1,1.37,"Born in 50 US states or Washington, DC",6
0,0,2,39,"Non-Hispanic White",0,"Some college or above",1,2.52,"Born in 50 US states or Washington, DC",4
0,0,2,25,"Non-Hispanic White",0,"Some college or above",0,2.24,"Born in 50 US states or Washington, DC",2
0,0,2,28,"Other",0,"Some college or above",1,2.21,"Born in 50 US states or Washington, DC",2
0,0,1,40,"Non-Hispanic White",1,"High school",1,1.68,"Born in 50 US states or Washington, DC",5
0,0,2,29,"Mexican American",0,"Some college or above",1,5,"Born in 50 US states or Washington, DC",2
0,0,1,60,"Non-Hispanic White",0,"Some college or above",0,2.38,"Born in 50 US states or Washington, DC",1
0,0,2,28,"Non-Hispanic White",0,"Some college or above",1,5,"Born in 50 US states or Washington, DC",2
0,0,2,20,"Non-Hispanic White",0,"Some college or above",0,2.92,"Born in 50 US states or Washington, DC",5
0,0,1,28,"Non-Hispanic Asian",0,"Some college or above",0,5,"Other",1
0,1,2,40,"Non-Hispanic White",0,"Less than high school degree",1,1.01,"Born in 50 US states or Washington, DC",3
0,0,2,75,"Other Hispanic",0,"Less than high school degree",0,0.6,"Other",3
0,0,2,75,"Non-Hispanic White",0,"High school",1,2.75,"Born in 50 US states or Washington, DC",2
0,0,1,49,"Non-Hispanic White",0,"Some college or above",1,4.56,"Born in 50 US states or Washington, DC",2
0,0,1,23,"Non-Hispanic White",0,"Some college or above",1,3.28,"Born in 50 US states or Washington, DC",2
1,0,1,59,"Other Hispanic",0,"High school",0,1.52,"Other",3
1,0,2,59,"Non-Hispanic Black",0,"High school",0,1.91,"Born in 50 US states or Washington, DC",2
0,0,2,80,"Non-Hispanic White",0,"Less than high school degree",1,3.55,"Born in 50 US states or Washington, DC",2
0,1,1,43,"Non-Hispanic White",0,"High school",1,2.83,"Born in 50 US states or Washington, DC",4
1,0,2,60,"Non-Hispanic White",0,"High school",0,1.27,"Born in 50 US states or Washington, DC",2
0,1,1,25,"Non-Hispanic White",0,"High school",1,1.09,"Born in 50 US states or Washington, DC",2
1,0,1,58,"Non-Hispanic White",0,"Some college or above",1,4.82,"Born in 50 US states or Washington, DC",2
0,1,1,65,"Non-Hispanic White",1,"High school",0,0.52,"Born in 50 US states or Washington, DC",1
1,0,1,50,"Non-Hispanic Black",0,"Some college or above",1,4.15,"Other",4
0,0,2,26,"Other Hispanic",0,"Some college or above",0,3.42,"Born in 50 US states or Washington, DC",4
0,0,2,36,"Non-Hispanic White",1,"Some college or above",0,5,"Other",1
0,1,2,64,"Non-Hispanic Black",0,"High school",0,0.7,"Born in 50 US states or Washington, DC",1
0,0,1,25,"Other Hispanic",0,"Some college or above",0,5,"Born in 50 US states or Washington, DC",3
1,1,1,64,"Other",1,"Some college or above",1,4.42,"Born in 50 US states or Washington, DC",2
1,0,2,80,"Non-Hispanic White",0,"High school",0,2.94,"Born in 50 US states or Washington, DC",1
1,0,1,67,"Non-Hispanic Black",1,"Some college or above",1,4.34,"Other",3
1,0,1,79,"Non-Hispanic White",1,"Some college or above",1,5,"Born in 50 US states or Washington, DC",2
0,0,1,51,"Non-Hispanic White",0,"Some college or above",1,5,"Other",3
0,0,2,41,"Non-Hispanic White",0,"Some college or above",1,2.7,"Born in 50 US states or Washington, DC",5
0,1,1,36,"Other",0,"Less than high school degree",0,0.85,"Born in 50 US states or Washington, DC",6
0,0,2,36,"Non-Hispanic White",0,"Some college or above",1,3.19,"Born in 50 US states or Washington, DC",3
0,0,2,26,"Non-Hispanic Black",0,"High school",0,1.75,"Born in 50 US states or Washington, DC",2
1,0,2,62,"Other Hispanic",0,"High school",0,0.36,"Born in 50 US states or Washington, DC",4
1,0,2,52,"Mexican American",0,"Some college or above",0,0.2,"Other",4
0,0,1,75,"Non-Hispanic White",0,"Some college or above",1,5,"Born in 50 US states or Washington, DC",2
1,0,2,51,"Non-Hispanic White",0,"Some college or above",1,3.08,"Born in 50 US states or Washington, DC",5
1,0,2,63,"Non-Hispanic White",0,"Some college or above",0,1.37,"Born in 50 US states or Washington, DC",1
0,0,1,46,"Non-Hispanic White",0,"Some college or above",1,5,"Other",3
0,0,1,24,"Non-Hispanic Black",0,"Some college or above",0,0.96,"Born in 50 US states or Washington, DC",2
0,0,2,68,"Non-Hispanic White",0,"Some college or above",1,2.79,"Born in 50 US states or Washington, DC",2
0,0,2,22,"Non-Hispanic White",0,"High school",0,1.47,"Born in 50 US states or Washington, DC",3
0,0,2,22,"Non-Hispanic Asian",0,"Less than high school degree",1,1.39,"Other",5
0,1,1,76,"Non-Hispanic White",1,"High school",1,2.79,"Born in 50 US states or Washington, DC",2
0,1,2,52,"Other Hispanic",0,"Less than high school degree",0,0.55,"Other",2
0,0,2,26,"Non-Hispanic White",0,"Some college or above",1,2.73,"Born in 50 US states or Washington, DC",2
0,0,1,27,"Other Hispanic",0,"Some college or above",1,4.37,"Other",3
0,0,1,32,"Other Hispanic",0,"Some college or above",0,2.83,"Born in 50 US states or Washington, DC",4
0,0,1,23,"Other Hispanic",0,"Less than high school degree",0,1.91,"Born in 50 US states or Washington, DC",2
0,1,1,73,"Non-Hispanic White",0,"Some college or above",0,2.74,"Born in 50 US states or Washington, DC",1
1,0,2,65,"Non-Hispanic Asian",0,"Some college or above",1,5,"Born in 50 US states or Washington, DC",2
0,0,1,55,"Non-Hispanic Black",1,"Some college or above",1,1.89,"Born in 50 US states or Washington, DC",4
0,1,1,42,"Non-Hispanic Asian",0,"Some college or above",1,1.1,"Other",2
0,1,1,60,"Non-Hispanic Black",0,"Some college or above",0,2.13,"Born in 50 US states or Washington, DC",1
1,0,1,44,"Non-Hispanic White",0,"Some college or above",0,5,"Born in 50 US states or Washington, DC",1
0,1,2,54,"Non-Hispanic White",0,"Less than high school degree",0,1.94,"Born in 50 US states or Washington, DC",1
0,0,2,41,"Other Hispanic",0,"Some college or above",0,1.3,"Born in 50 US states or Washington, DC",4
0,0,1,62,"Non-Hispanic White",0,"Some college or above",1,3.33,"Born in 50 US states or Washington, DC",4
1,0,2,72,"Non-Hispanic White",0,"Some college or above",1,4.59,"Born in 50 US states or Washington, DC",2
0,0,2,25,"Non-Hispanic White",0,"Some college or above",1,1.34,"Born in 50 US states or Washington, DC",2
0,1,1,61,"Other",0,"Less than high school degree",1,1.6,"Born in 50 US states or Washington, DC",4
0,0,1,49,"Non-Hispanic White",0,"Some college or above",0,5,"Other",1
0,1,2,64,"Non-Hispanic White",0,"High school",0,0.88,"Born in 50 US states or Washington, DC",1
0,0,2,56,"Non-Hispanic White",0,"High school",0,0.22,"Born in 50 US states or Washington, DC",3
1,0,2,65,"Non-Hispanic White",0,"Some college or above",1,5,"Born in 50 US states or Washington, DC",2
1,1,2,74,"Non-Hispanic White",0,"High school",0,2.53,"Born in 50 US states or Washington, DC",2
0,0,1,79,"Non-Hispanic White",1,"Some college or above",1,4,"Born in 50 US states or Washington, DC",4
1,0,1,80,"Non-Hispanic White",1,"Less than high school degree",0,2.35,"Born in 50 US states or Washington, DC",1
1,0,2,65,"Other Hispanic",0,"Less than high school degree",0,1.32,"Other",3
1,0,2,50,"Mexican American",0,"Some college or above",1,2.16,"Other",4
1,0,2,80,"Non-Hispanic White",0,"Some college or above",0,1.85,"Born in 50 US states or Washington, DC",1
1,0,1,49,"Other Hispanic",0,"Some college or above",1,2.5,"Other",4
0,0,1,27,"Non-Hispanic White",0,"Some college or above",0,2.47,"Born in 50 US states or Washington, DC",1
1,0,2,60,"Non-Hispanic White",0,"Some college or above",1,4.63,"Born in 50 US states or Washington, DC",4
0,1,1,32,"Other",0,"Some college or above",0,0.26,"Born in 50 US states or Washington, DC",4
0,0,2,40,"Other Hispanic",1,"Some college or above",1,4.17,"Other",4
1,1,2,65,"Non-Hispanic White",0,"Some college or above",0,2.12,"Born in 50 US states or Washington, DC",1
0,0,1,40,"Non-Hispanic White",0,"Some college or above",0,5,"Born in 50 US states or Washington, DC",2
1,0,2,71,"Mexican American",0,"Some college or above",1,3.17,"Born in 50 US states or Washington, DC",2
0,0,2,65,"Other Hispanic",0,"Some college or above",1,5,"Other",2
0,0,2,38,"Non-Hispanic White",0,"Some college or above",0,0.8,"Born in 50 US states or Washington, DC",4
0,0,2,58,"Mexican American",0,"Some college or above",1,2.51,"Other",2
0,1,1,39,"Non-Hispanic White",0,"Some college or above",0,3.56,"Born in 50 US states or Washington, DC",3
1,1,1,64,"Non-Hispanic Asian",0,"Some college or above",1,4.32,"Other",4
0,1,1,60,"Non-Hispanic White",0,"Less than high school degree",0,2.4,"Born in 50 US states or Washington, DC",1
0,0,2,41,"Non-Hispanic Black",0,"Some college or above",1,5,"Born in 50 US states or Washington, DC",4
1,0,1,56,"Non-Hispanic White",0,"Some college or above",1,5,"Born in 50 US states or Washington, DC",2
1,0,1,60,"Non-Hispanic White",1,"Some college or above",1,5,"Born in 50 US states or Washington, DC",2
0,0,2,74,"Non-Hispanic White",0,"Some college or above",0,2.33,"Born in 50 US states or Washington, DC",2
0,0,1,47,"Non-Hispanic White",0,"Some college or above",1,5,"Born in 50 US states or Washington, DC",2
0,0,2,22,"Non-Hispanic White",0,"Less than high school degree",1,1.07,"Born in 50 US states or Washington, DC",7
0,0,2,69,"Other Hispanic",0,"Some college or above",0,1.84,"Other",1
1,0,2,28,"Non-Hispanic Black",0,"Some college or above",0,3.88,"Born in 50 US states or Washington, DC",1
1,1,1,70,"Non-Hispanic Black",0,"High school",0,1,"Born in 50 US states or Washington, DC",1
1,1,2,66,"Non-Hispanic Black",0,"Less than high school degree",1,0.99,"Born in 50 US states or Washington, DC",2
1,0,2,51,"Non-Hispanic White",0,"Some college or above",0,5,"Born in 50 US states or Washington, DC",2
0,1,2,41,"Non-Hispanic White",0,"Some college or above",0,2.61,"Born in 50 US states or Washington, DC",3
1,1,1,80,"Non-Hispanic White",1,"Some college or above",1,1.51,"Born in 50 US states or Washington, DC",2
1,0,1,65,"Non-Hispanic White",0,"High school",1,3.55,"Born in 50 US states or Washington, DC",2
1,0,2,50,"Other",0,"Some college or above",0,1.99,"Born in 50 US states or Washington, DC",1
1,1,2,62,"Non-Hispanic Black",1,"Some college or above",1,1.27,"Born in 50 US states or Washington, DC",2
0,0,1,71,"Non-Hispanic White",0,"High school",1,3.17,"Born in 50 US states or Washington, DC",2
0,1,2,33,"Other Hispanic",0,"High school",0,0.25,"Other",2
1,0,2,68,"Non-Hispanic Black",0,"High school",1,5,"Born in 50 US states or Washington, DC",2
0,0,1,52,"Non-Hispanic White",1,"Some college or above",1,4.44,"Born in 50 US states or Washington, DC",6
1,0,2,62,"Other Hispanic",0,"High school",1,0.77,"Other",4
0,0,2,42,"Non-Hispanic White",0,"Some college or above",0,1.44,"Born in 50 US states or Washington, DC",1
1,0,2,48,"Non-Hispanic White",0,"Some college or above",1,5,"Born in 50 US states or Washington, DC",3
1,0,2,80,"Non-Hispanic White",0,"Some college or above",0,2.94,"Born in 50 US states or Washington, DC",1
0,1,1,33,"Other Hispanic",0,"Less than high school degree",0,0.41,"Other",4
1,0,1,68,"Non-Hispanic White",0,"Some college or above",1,5,"Born in 50 US states or Washington, DC",2
0,0,1,22,"Non-Hispanic White",0,"Some college or above",0,1.25,"Born in 50 US states or Washington, DC",2
0,1,1,34,"Non-Hispanic Asian",0,"Some college or above",1,1.14,"Other",7
0,1,2,63,"Non-Hispanic White",0,"Some college or above",0,2.5,"Born in 50 US states or Washington, DC",1
1,1,2,73,"Non-Hispanic White",0,"Some college or above",1,1.67,"Other",2
0,0,2,35,"Non-Hispanic White",0,"Some college or above",0,4.32,"Born in 50 US states or Washington, DC",1
1,0,2,67,"Other",0,"Some college or above",1,5,"Born in 50 US states or Washington, DC",3
0,0,2,72,"Non-Hispanic Black",0,"High school",0,0.27,"Born in 50 US states or Washington, DC",6
1,0,2,58,"Non-Hispanic White",0,"Some college or above",0,1.21,"Born in 50 US states or Washington, DC",1
1,0,1,50,"Mexican American",0,"High school",0,5,"Born in 50 US states or Washington, DC",1
1,1,1,58,"Other",0,"Some college or above",0,5,"Born in 50 US states or Washington, DC",1
0,1,2,64,"Non-Hispanic White",0,"Some college or above",0,0,"Born in 50 US states or Washington, DC",1
0,0,2,78,"Non-Hispanic White",0,"Some college or above",1,2.25,"Born in 50 US states or Washington, DC",4
0,0,1,22,"Non-Hispanic Black",0,"High school",0,2.83,"Other",4
1,0,1,72,"Non-Hispanic White",0,"Some college or above",0,3.09,"Other",1
1,0,1,75,"Non-Hispanic White",0,"High school",1,2.87,"Born in 50 US states or Washington, DC",2
1,0,2,54,"Non-Hispanic White",0,"Some college or above",0,3.68,"Born in 50 US states or Washington, DC",2
0,0,2,48,"Other Hispanic",0,"Some college or above",0,0.82,"Other",7
0,0,2,57,"Mexican American",0,"Some college or above",1,0,"Other",2
0,0,1,30,"Other",0,"High school",1,0.55,"Born in 50 US states or Washington, DC",6
1,0,2,48,"Non-Hispanic Asian",0,"Some college or above",1,5,"Other",2
0,0,1,53,"Mexican American",0,"Some college or above",1,5,"Born in 50 US states or Washington, DC",5
1,0,1,75,"Non-Hispanic White",1,"Some college or above",0,1.77,"Born in 50 US states or Washington, DC",2
1,0,1,70,"Non-Hispanic White",0,"Some college or above",1,3.3,"Born in 50 US states or Washington, DC",2
1,0,2,32,"Non-Hispanic Black",0,"Less than high school degree",0,0,"Other",2
1,1,2,63,"Non-Hispanic White",0,"Some college or above",0,0.97,"Born in 50 US states or Washington, DC",1
1,1,1,67,"Non-Hispanic White",0,"High school",1,2.52,"Born in 50 US states or Washington, DC",4
1,0,2,80,"Non-Hispanic Black",0,"Some college or above",0,2.61,"Born in 50 US states or Washington, DC",1
1,1,1,73,"Non-Hispanic White",1,"High school",1,3.8,"Born in 50 US states or Washington, DC",2
1,0,2,80,"Other Hispanic",0,"Less than high school degree",0,2.08,"Born in 50 US states or Washington, DC",2
1,0,2,70,"Non-Hispanic Asian",0,"Some college or above",1,2.33,"Other",2
0,1,1,64,"Other Hispanic",0,"Less than high school degree",1,0.08,"Other",1
0,0,2,62,"Non-Hispanic White",0,"Some college or above",0,5,"Born in 50 US states or Washington, DC",1
0,1,1,34,"Non-Hispanic White",0,"Some college or above",1,5,"Born in 50 US states or Washington, DC",2
0,0,2,35,"Other Hispanic",0,"Some college or above",1,0.02,"Other",3
0,0,1,32,"Non-Hispanic Black",1,"Some college or above",0,5,"Born in 50 US states or Washington, DC",1
0,0,2,47,"Non-Hispanic White",0,"Some college or above",1,5,"Born in 50 US states or Washington, DC",5
0,0,2,23,"Other",0,"Some college or above",0,0.07,"Born in 50 US states or Washington, DC",2
1,0,1,73,"Non-Hispanic Asian",0,"Some college or above",0,0.88,"Other",3
0,0,1,72,"Non-Hispanic White",0,"Less than high school degree",0,1.18,"Born in 50 US states or Washington, DC",2
0,0,1,38,"Other Hispanic",0,"Some college or above",1,5,"Other",4
0,0,1,37,"Mexican American",0,"Some college or above",0,2.86,"Born in 50 US states or Washington, DC",7
1,1,2,64,"Non-Hispanic Black",0,"Some college or above",0,0.44,"Born in 50 US states or Washington, DC",1
1,0,2,71,"Non-Hispanic White",0,"Some college or above",1,2.18,"Born in 50 US states or Washington, DC",2
0,0,1,32,"Non-Hispanic White",0,"Some college or above",1,5,"Born in 50 US states or Washington, DC",2
1,0,1,27,"Other Hispanic",0,"Less than high school degree",1,0.13,"Born in 50 US states or Washington, DC",4
1,0,2,49,"Non-Hispanic White",0,"Some college or above",1,5,"Born in 50 US states or Washington, DC",5
1,0,2,76,"Non-Hispanic White",0,"Less than high school degree",1,3.04,"Born in 50 US states or Washington, DC",2
1,1,2,63,"Non-Hispanic White",0,"Some college or above",0,1.55,"Born in 50 US states or Washington, DC",3
0,0,1,49,"Mexican American",0,"High school",1,3.54,"Other",5
0,0,1,38,"Other Hispanic",0,"Some college or above",1,4.15,"Other",4
0,0,2,31,"Other Hispanic",0,"Some college or above",0,1.2,"Other",2
0,1,1,21,"Non-Hispanic White",0,"High school",1,2.01,"Born in 50 US states or Washington, DC",3
0,0,2,53,"Non-Hispanic White",0,"Some college or above",0,5,"Born in 50 US states or Washington, DC",1
1,0,1,72,"Non-Hispanic White",0,"Some college or above",0,3.09,"Born in 50 US states or Washington, DC",1
0,0,1,25,"Non-Hispanic White",0,"Some college or above",0,5,"Born in 50 US states or Washington, DC",3
0,1,1,58,"Non-Hispanic White",0,"Less than high school degree",0,0.74,"Born in 50 US states or Washington, DC",1
1,1,2,36,"Non-Hispanic White",0,"Some college or above",0,2.41,"Born in 50 US states or Washington, DC",2
1,0,1,39,"Non-Hispanic White",1,"Some college or above",1,5,"Born in 50 US states or Washington, DC",3
1,1,2,69,"Non-Hispanic Black",0,"High school",0,3.31,"Born in 50 US states or Washington, DC",1
0,0,2,72,"Non-Hispanic Asian",0,"High school",1,0.7,"Other",1
1,1,1,30,"Other Hispanic",0,"Some college or above",0,2.13,"Born in 50 US states or Washington, DC",1
0,0,2,37,"Non-Hispanic White",0,"Some college or above",0,2.31,"Born in 50 US states or Washington, DC",6
1,1,1,77,"Mexican American",0,"Some college or above",0,0.99,"Other",2
1,0,1,49,"Non-Hispanic White",0,"High school",1,0.58,"Born in 50 US states or Washington, DC",4
0,0,1,52,"Non-Hispanic Black",0,"Less than high school degree",1,1.91,"Other",4
0,0,2,28,"Non-Hispanic White",0,"Some college or above",0,5,"Born in 50 US states or Washington, DC",1
0,1,1,25,"Non-Hispanic White",1,"High school",1,3.24,"Born in 50 US states or Washington, DC",4
1,0,2,75,"Non-Hispanic White",0,"Some college or above",1,4.82,"Born in 50 US states or Washington, DC",2
0,0,1,80,"Non-Hispanic White",1,"Some college or above",0,2.8,"Born in 50 US states or Washington, DC",1
0,0,1,40,"Non-Hispanic White",0,"Some college or above",1,4.12,"Born in 50 US states or Washington, DC",2
0,0,2,48,"Non-Hispanic White",0,"Some college or above",0,1.3,"Born in 50 US states or Washington, DC",3
0,0,1,60,"Non-Hispanic White",0,"Some college or above",1,5,"Born in 50 US states or Washington, DC",2
0,0,1,42,"Other Hispanic",0,"Some college or above",1,5,"Born in 50 US states or Washington, DC",2
1,0,1,67,"Non-Hispanic White",0,"High school",0,4.8,"Born in 50 US states or Washington, DC",1
0,1,2,47,"Non-Hispanic White",0,"High school",1,1.13,"Born in 50 US states or Washington, DC",2
1,0,1,49,"Non-Hispanic White",1,"High school",0,5,"Born in 50 US states or Washington, DC",1
0,0,2,49,"Other Hispanic",0,"Some college or above",0,3.31,"Other",1
1,0,2,58,"Other Hispanic",0,"Less than high school degree",0,1.34,"Other",2
1,0,2,79,"Non-Hispanic Asian",0,"Some college or above",1,4.82,"Born in 50 US states or Washington, DC",2
1,0,1,53,"Other Hispanic",0,"High school",1,5,"Other",4
1,0,2,57,"Non-Hispanic White",0,"Some college or above",1,5,"Born in 50 US states or Washington, DC",2
1,0,2,64,"Non-Hispanic Black",0,"Less than high school degree",0,2.58,"Other",1
0,0,1,21,"Non-Hispanic White",0,"High school",1,0.45,"Born in 50 US states or Washington, DC",3
0,1,1,34,"Non-Hispanic Black",0,"High school",0,2.25,"Born in 50 US states or Washington, DC",1
1,0,2,45,"Non-Hispanic Black",0,"Some college or above",0,1.09,"Born in 50 US states or Washington, DC",3
0,0,1,53,"Non-Hispanic Black",0,"Some college or above",0,2.58,"Other",5
1,1,1,61,"Non-Hispanic White",0,"High school",1,4.37,"Born in 50 US states or Washington, DC",2
0,0,1,62,"Non-Hispanic White",0,"Less than high school degree",1,5,"Born in 50 US states or Washington, DC",3
0,1,1,34,"Non-Hispanic White",0,"High school",0,0.53,"Born in 50 US states or Washington, DC",2
0,1,2,29,"Non-Hispanic White",0,"High school",1,0.95,"Born in 50 US states or Washington, DC",7
1,1,2,34,"Mexican American",0,"Some college or above",0,1.58,"Born in 50 US states or Washington, DC",1
0,0,1,40,"Non-Hispanic White",0,"High school",0,1.41,"Born in 50 US states or Washington, DC",4
1,0,1,51,"Non-Hispanic White",0,"High school",0,3.83,"Born in 50 US states or Washington, DC",1
0,0,1,62,"Non-Hispanic White",0,"High school",0,0.74,"Born in 50 US states or Washington, DC",1
1,0,2,53,"Non-Hispanic Black",0,"High school",1,2.83,"Other",4
1,0,2,80,"Non-Hispanic White",0,"Some college or above",1,3.96,"Born in 50 US states or Washington, DC",2
0,0,2,48,"Non-Hispanic White",0,"Some college or above",1,5,"Born in 50 US states or Washington, DC",2
0,0,2,70,"Other Hispanic",0,"Some college or above",1,3.28,"Born in 50 US states or Washington, DC",2
0,0,2,74,"Non-Hispanic White",0,"Some college or above",1,3.35,"Born in 50 US states or Washington, DC",2
0,0,2,47,"Non-Hispanic White",0,"Some college or above",0,5,"Born in 50 US states or Washington, DC",2
0,0,2,35,"Non-Hispanic White",0,"High school",0,0.03,"Born in 50 US states or Washington, DC",2
1,0,2,72,"Non-Hispanic White",0,"Some college or above",0,5,"Born in 50 US states or Washington, DC",1
0,0,2,62,"Non-Hispanic White",0,"Some college or above",1,3.35,"Born in 50 US states or Washington, DC",2
1,0,1,49,"Mexican American",0,"Less than high school degree",1,0.74,"Other",4
0,1,1,31,"Non-Hispanic White",0,"Some college or above",0,1.03,"Born in 50 US states or Washington, DC",1
0,0,1,61,"Non-Hispanic White",0,"Some college or above",1,5,"Other",2
1,0,1,63,"Other Hispanic",0,"Some college or above",1,3.82,"Born in 50 US states or Washington, DC",2
0,0,1,78,"Non-Hispanic White",1,"Some college or above",1,2.32,"Born in 50 US states or Washington, DC",2
1,0,1,80,"Non-Hispanic White",0,"Some college or above",1,5,"Other",2
0,0,2,61,"Non-Hispanic White",0,"Some college or above",0,4.89,"Born in 50 US states or Washington, DC",1
0,0,2,73,"Other",0,"Some college or above",0,2.95,"Born in 50 US states or Washington, DC",2
1,1,2,66,"Non-Hispanic White",0,"High school",0,1.25,"Born in 50 US states or Washington, DC",1
0,0,1,72,"Non-Hispanic White",0,"Some college or above",1,3.72,"Other",6
0,0,1,77,"Non-Hispanic White",0,"Some college or above",1,2.03,"Other",2
0,0,1,22,"Non-Hispanic White",0,"Some college or above",0,4.42,"Born in 50 US states or Washington, DC",1
1,0,2,65,"Non-Hispanic White",0,"Some college or above",0,4.37,"Born in 50 US states or Washington, DC",2
0,0,2,38,"Non-Hispanic White",0,"Some college or above",0,5,"Born in 50 US states or Washington, DC",2
1,0,1,73,"Non-Hispanic White",0,"Some college or above",0,3.43,"Born in 50 US states or Washington, DC",1
0,0,1,23,"Non-Hispanic Black",0,"Some college or above",0,0.58,"Born in 50 US states or Washington, DC",1
0,0,2,44,"Non-Hispanic Asian",0,"Some college or above",0,5,"Other",1
1,0,2,60,"Non-Hispanic White",0,"Some college or above",1,3.16,"Born in 50 US states or Washington, DC",2
1,0,1,56,"Non-Hispanic Black",0,"Some college or above",0,0.58,"Born in 50 US states or Washington, DC",1
0,0,2,29,"Non-Hispanic Black",0,"Some college or above",1,3.77,"Born in 50 US states or Washington, DC",4
0,0,2,27,"Other",0,"Some college or above",1,5,"Born in 50 US states or Washington, DC",2
1,1,1,65,"Non-Hispanic White",1,"Less than high school degree",1,0.68,"Born in 50 US states or Washington, DC",2
1,1,2,46,"Other",0,"Some college or above",1,2.06,"Born in 50 US states or Washington, DC",2
1,0,2,80,"Non-Hispanic White",0,"High school",0,2.51,"Born in 50 US states or Washington, DC",2
1,0,1,39,"Mexican American",0,"Less than high school degree",1,0.02,"Other",4
1,1,2,56,"Non-Hispanic White",0,"High school",1,1.19,"Born in 50 US states or Washington, DC",6
0,1,1,38,"Other Hispanic",0,"Some college or above",1,2.61,"Other",3
0,1,1,33,"Non-Hispanic White",0,"Less than high school degree",0,1.51,"Born in 50 US states or Washington, DC",1
1,0,2,80,"Non-Hispanic Asian",0,"Some college or above",0,0.7,"Other",1
0,0,1,29,"Non-Hispanic White",1,"Some college or above",1,2.94,"Born in 50 US states or Washington, DC",4
1,0,2,50,"Non-Hispanic Black",1,"Some college or above",0,5,"Born in 50 US states or Washington, DC",1
1,0,1,25,"Non-Hispanic Black",0,"Some college or above",0,3.68,"Born in 50 US states or Washington, DC",1
0,0,1,26,"Other Hispanic",0,"Some college or above",0,4.78,"Other",2
0,0,2,33,"Non-Hispanic Asian",0,"Some college or above",0,5,"Other",2
0,1,1,44,"Mexican American",0,"Some college or above",0,0.88,"Born in 50 US states or Washington, DC",1
0,0,2,39,"Non-Hispanic White",0,"Some college or above",0,0,"Born in 50 US states or Washington, DC",1
1,0,2,46,"Non-Hispanic Black",0,"High school",0,0.58,"Born in 50 US states or Washington, DC",4
0,0,2,70,"Non-Hispanic White",0,"Some college or above",1,3.82,"Born in 50 US states or Washington, DC",2
1,0,2,59,"Other Hispanic",0,"High school",1,2.18,"Other",2
0,0,1,23,"Mexican American",0,"Some college or above",1,3.53,"Born in 50 US states or Washington, DC",1
1,0,2,69,"Non-Hispanic White",0,"Some college or above",1,4.64,"Born in 50 US states or Washington, DC",2
0,0,2,37,"Mexican American",0,"Less than high school degree",0,1.61,"Other",3
0,1,1,55,"Non-Hispanic White",0,"Less than high school degree",1,1.3,"Born in 50 US states or Washington, DC",3
1,0,2,63,"Non-Hispanic White",0,"Some college or above",0,3.9,"Born in 50 US states or Washington, DC",2
0,0,1,60,"Non-Hispanic White",0,"Some college or above",1,5,"Born in 50 US states or Washington, DC",2
1,0,2,70,"Other",0,"Some college or above",0,1.58,"Born in 50 US states or Washington, DC",1
0,0,1,30,"Non-Hispanic Black",0,"Some college or above",0,2.88,"Other",1
1,0,1,79,"Non-Hispanic White",0,"Some college or above",1,4.06,"Born in 50 US states or Washington, DC",2
1,0,2,70,"Non-Hispanic White",0,"Some college or above",1,4.72,"Born in 50 US states or Washington, DC",2
1,0,2,40,"Non-Hispanic White",0,"Some college or above",1,2.09,"Born in 50 US states or Washington, DC",6
0,0,2,46,"Non-Hispanic Black",0,"Some college or above",0,5,"Born in 50 US states or Washington, DC",1
0,0,1,35,"Mexican American",0,"Some college or above",1,5,"Other",3
1,1,1,55,"Non-Hispanic Black",0,"Less than high school degree",0,0.15,"Born in 50 US states or Washington, DC",1
1,0,1,77,"Other Hispanic",0,"Less than high school degree",1,3.3,"Other",2
0,0,2,77,"Non-Hispanic White",0,"High school",1,5,"Born in 50 US states or Washington, DC",2
0,0,2,31,"Non-Hispanic White",0,"Some college or above",1,0.82,"Born in 50 US states or Washington, DC",1
0,0,2,37,"Non-Hispanic White",0,"Some college or above",0,4.34,"Born in 50 US states or Washington, DC",1
1,0,1,77,"Other",0,"Some college or above",0,1.65,"Born in 50 US states or Washington, DC",1
0,0,2,44,"Non-Hispanic White",0,"Some college or above",0,5,"Born in 50 US states or Washington, DC",1
0,1,1,33,"Other",0,"High school",1,0.81,"Born in 50 US states or Washington, DC",6
0,0,1,42,"Non-Hispanic White",0,"Some college or above",1,2.56,"Born in 50 US states or Washington, DC",5
0,0,1,29,"Mexican American",0,"Some college or above",0,3.91,"Born in 50 US states or Washington, DC",3
0,0,1,61,"Non-Hispanic White",0,"Some college or above",0,4.8,"Born in 50 US states or Washington, DC",1
1,0,2,64,"Other",0,"Less than high school degree",1,4.56,"Born in 50 US states or Washington, DC",3
0,0,1,52,"Non-Hispanic White",0,"Some college or above",1,5,"Born in 50 US states or Washington, DC",2
0,0,1,72,"Other Hispanic",0,"Some college or above",0,2.21,"Other",1
0,0,2,44,"Non-Hispanic Asian",0,"Some college or above",1,4.45,"Other",3
1,0,2,64,"Non-Hispanic White",0,"Some college or above",1,3.96,"Born in 50 US states or Washington, DC",2
0,1,1,30,"Other Hispanic",0,"Less than high school degree",1,0.48,"Other",5
0,0,1,79,"Non-Hispanic White",0,"Some college or above",0,5,"Born in 50 US states or Washington, DC",1
0,0,1,23,"Non-Hispanic White",0,"Some college or above",0,1.1,"Born in 50 US states or Washington, DC",3
1,0,2,58,"Non-Hispanic White",0,"Some college or above",1,3.04,"Born in 50 US states or Washington, DC",2
0,1,2,40,"Non-Hispanic White",0,"Some college or above",0,1.98,"Born in 50 US states or Washington, DC",4
1,0,1,41,"Non-Hispanic White",1,"High school",1,5,"Born in 50 US states or Washington, DC",5
0,0,2,73,"Other Hispanic",0,"Some college or above",0,0.73,"Other",1
1,1,1,68,"Mexican American",0,"Some college or above",0,3.43,"Other",1
0,0,1,55,"Non-Hispanic Black",0,"Some college or above",1,5,"Born in 50 US states or Washington, DC",3
1,0,2,67,"Non-Hispanic Black",0,"Less than high school degree",1,0.8,"Born in 50 US states or Washington, DC",3
0,1,2,58,"Non-Hispanic White",0,"High school",1,0.83,"Born in 50 US states or Washington, DC",2
0,0,2,61,"Other Hispanic",0,"Some college or above",0,4.61,"Born in 50 US states or Washington, DC",4
1,0,2,32,"Mexican American",0,"High school",1,1.1,"Born in 50 US states or Washington, DC",6
0,0,1,29,"Non-Hispanic Asian",0,"Some college or above",1,5,"Born in 50 US states or Washington, DC",2
0,1,1,59,"Non-Hispanic White",0,"Less than high school degree",0,1.55,"Born in 50 US states or Washington, DC",1
0,0,2,80,"Other Hispanic",0,"Some college or above",0,5,"Other",1
1,0,2,80,"Non-Hispanic White",0,"Some college or above",1,5,"Born in 50 US states or Washington, DC",2
0,0,2,70,"Non-Hispanic White",0,"Some college or above",0,2.1,"Born in 50 US states or Washington, DC",1
0,0,1,41,"Non-Hispanic White",0,"Some college or above",1,5,"Born in 50 US states or Washington, DC",3
1,0,2,77,"Non-Hispanic White",0,"Less than high school degree",0,1.14,"Born in 50 US states or Washington, DC",1
1,0,1,45,"Other Hispanic",0,"Some college or above",0,5,"Born in 50 US states or Washington, DC",2
0,0,1,53,"Non-Hispanic White",0,"Some college or above",1,5,"Born in 50 US states or Washington, DC",4
1,0,1,80,"Non-Hispanic White",0,"Some college or above",1,5,"Born in 50 US states or Washington, DC",2
1,0,2,70,"Non-Hispanic Asian",0,"Less than high school degree",0,3.22,"Other",7
0,0,2,26,"Non-Hispanic White",0,"Some college or above",1,5,"Born in 50 US states or Washington, DC",2
0,0,1,69,"Non-Hispanic Black",0,"Less than high school degree",0,0.88,"Born in 50 US states or Washington, DC",1
1,0,2,60,"Non-Hispanic White",0,"Some college or above",1,5,"Born in 50 US states or Washington, DC",2
0,0,1,29,"Mexican American",0,"High school",0,4.37,"Born in 50 US states or Washington, DC",2
0,0,2,62,"Non-Hispanic White",0,"Less than high school degree",1,1.97,"Born in 50 US states or Washington, DC",2
1,0,2,75,"Non-Hispanic White",0,"Less than high school degree",0,2.51,"Born in 50 US states or Washington, DC",2
1,0,1,57,"Non-Hispanic White",0,"Some college or above",1,2.73,"Born in 50 US states or Washington, DC",3
1,0,2,80,"Non-Hispanic White",0,"Some college or above",0,1.03,"Born in 50 US states or Washington, DC",1
0,0,1,21,"Mexican American",0,"High school",0,1.57,"Born in 50 US states or Washington, DC",3
0,0,2,30,"Non-Hispanic White",0,"Some college or above",0,3.83,"Born in 50 US states or Washington, DC",1
0,0,2,70,"Non-Hispanic Asian",0,"Less than high school degree",1,2.16,"Other",5
1,0,2,58,"Non-Hispanic White",0,"Some college or above",0,0.61,"Born in 50 US states or Washington, DC",1
0,0,1,67,"Non-Hispanic White",1,"Some college or above",1,5,"Born in 50 US states or Washington, DC",3
0,1,1,60,"Non-Hispanic Black",0,"High school",0,1.15,"Born in 50 US states or Washington, DC",1
0,0,1,39,"Non-Hispanic Black",0,"Some college or above",0,1.99,"Born in 50 US states or Washington, DC",1
0,0,2,27,"Non-Hispanic White",0,"Some college or above",0,2.74,"Born in 50 US states or Washington, DC",1
0,0,2,42,"Non-Hispanic White",0,"Some college or above",0,1.67,"Born in 50 US states or Washington, DC",2
1,0,2,62,"Non-Hispanic Black",0,"Some college or above",1,5,"Born in 50 US states or Washington, DC",2
1,1,2,65,"Mexican American",0,"High school",0,0.58,"Born in 50 US states or Washington, DC",3
1,1,2,61,"Non-Hispanic White",0,"Some college or above",1,1.18,"Born in 50 US states or Washington, DC",1
1,0,1,37,"Non-Hispanic White",0,"Some college or above",1,3.6,"Born in 50 US states or Washington, DC",4
0,0,1,74,"Non-Hispanic White",1,"High school",1,2.21,"Born in 50 US states or Washington, DC",2
0,0,1,42,"Other Hispanic",0,"High school",0,3.3,"Born in 50 US states or Washington, DC",1
0,1,1,63,"Other",1,"Less than high school degree",0,0.29,"Born in 50 US states or Washington, DC",2
0,0,1,30,"Non-Hispanic White",1,"Some college or above",1,5,"Other",7
1,0,2,51,"Non-Hispanic White",0,"Some college or above",0,4.31,"Born in 50 US states or Washington, DC",2
0,0,1,75,"Non-Hispanic White",0,"Some college or above",1,1.32,"Born in 50 US states or Washington, DC",2
0,0,1,38,"Other",0,"Some college or above",1,1.09,"Other",3
1,0,1,57,"Non-Hispanic White",0,"Some college or above",0,2.73,"Born in 50 US states or Washington, DC",3
0,0,1,51,"Non-Hispanic White",0,"Some college or above",0,2.61,"Born in 50 US states or Washington, DC",3
0,0,1,23,"Non-Hispanic White",0,"Some college or above",1,0.97,"Born in 50 US states or Washington, DC",4
1,1,1,69,"Non-Hispanic White",0,"High school",0,1.21,"Born in 50 US states or Washington, DC",1
0,0,2,50,"Non-Hispanic Black",0,"Less than high school degree",1,0.2,"Born in 50 US states or Washington, DC",3
1,1,1,69,"Non-Hispanic Black",0,"High school",1,1.94,"Born in 50 US states or Washington, DC",2
0,0,1,75,"Non-Hispanic White",1,"Some college or above",1,4.34,"Born in 50 US states or Washington, DC",3
1,0,2,80,"Non-Hispanic White",0,"Some college or above",0,4.56,"Born in 50 US states or Washington, DC",1
1,0,2,48,"Non-Hispanic Black",0,"Some college or above",1,1.93,"Other",5
0,0,1,44,"Non-Hispanic White",0,"Some college or above",0,3.57,"Born in 50 US states or Washington, DC",1
0,0,1,26,"Non-Hispanic White",0,"Some college or above",0,5,"Born in 50 US states or Washington, DC",4
0,0,2,66,"Mexican American",0,"Less than high school degree",1,3.02,"Other",3
0,0,1,32,"Mexican American",0,"High school",1,1.91,"Born in 50 US states or Washington, DC",3
1,0,2,59,"Non-Hispanic White",0,"High school",1,1.34,"Born in 50 US states or Washington, DC",2
1,0,2,76,"Other Hispanic",0,"Some college or above",0,5,"Born in 50 US states or Washington, DC",2
1,0,1,60,"Other Hispanic",0,"Some college or above",0,1.44,"Other",4
1,0,2,74,"Non-Hispanic White",0,"Some college or above",1,5,"Born in 50 US states or Washington, DC",2
1,0,2,72,"Other",0,"Some college or above",0,1.95,"Born in 50 US states or Washington, DC",1
0,0,2,62,"Non-Hispanic Black",0,"Some college or above",0,1.03,"Other",1
1,0,1,46,"Non-Hispanic White",0,"Some college or above",1,3.77,"Born in 50 US states or Washington, DC",4
0,0,1,33,"Other",0,"Some college or above",1,1.97,"Born in 50 US states or Washington, DC",5
0,1,1,71,"Other",1,"Some college or above",0,2.67,"Born in 50 US states or Washington, DC",1
0,0,2,61,"Other Hispanic",0,"High school",1,3.69,"Born in 50 US states or Washington, DC",4
1,0,1,31,"Non-Hispanic White",0,"Some college or above",0,3.75,"Born in 50 US states or Washington, DC",1
1,0,2,64,"Non-Hispanic White",0,"High school",0,0.81,"Born in 50 US states or Washington, DC",1
0,0,2,37,"Non-Hispanic White",0,"Less than high school degree",0,1.7,"Born in 50 US states or Washington, DC",4
0,0,1,34,"Non-Hispanic White",0,"High school",0,2.07,"Born in 50 US states or Washington, DC",4
0,0,1,56,"Non-Hispanic White",0,"High school",0,1.1,"Born in 50 US states or Washington, DC",1
0,0,1,71,"Non-Hispanic White",0,"Some college or above",1,4.56,"Born in 50 US states or Washington, DC",2
1,0,2,80,"Non-Hispanic White",0,"Some college or above",1,5,"Born in 50 US states or Washington, DC",2
0,0,1,41,"Non-Hispanic White",0,"Some college or above",1,5,"Born in 50 US states or Washington, DC",2
0,0,2,67,"Non-Hispanic White",0,"Some college or above",1,4.56,"Born in 50 US states or Washington, DC",2
0,0,1,42,"Other Hispanic",0,"Less than high school degree",0,5,"Other",3
0,0,1,46,"Non-Hispanic White",0,"Some college or above",0,5,"Born in 50 US states or Washington, DC",1
0,0,2,68,"Non-Hispanic White",0,"Some college or above",0,4.12,"Born in 50 US states or Washington, DC",1
0,0,1,63,"Non-Hispanic White",0,"Some college or above",1,5,"Born in 50 US states or Washington, DC",4
0,0,1,41,"Other Hispanic",0,"High school",0,0.74,"Other",2
0,0,1,37,"Non-Hispanic White",0,"Some college or above",1,5,"Born in 50 US states or Washington, DC",3
1,0,2,58,"Non-Hispanic Black",0,"Some college or above",1,5,"Born in 50 US states or Washington, DC",2
0,0,2,32,"Other Hispanic",0,"Some college or above",1,1.85,"Born in 50 US states or Washington, DC",3
0,0,2,66,"Non-Hispanic White",0,"High school",1,1.86,"Born in 50 US states or Washington, DC",2
1,1,1,61,"Other",0,"Some college or above",0,1.67,"Born in 50 US states or Washington, DC",1
0,0,2,60,"Non-Hispanic Asian",0,"Some college or above",1,5,"Other",2
1,0,1,80,"Non-Hispanic White",1,"Some college or above",0,1.03,"Born in 50 US states or Washington, DC",1
1,0,2,79,"Non-Hispanic White",0,"Some college or above",0,1.71,"Born in 50 US states or Washington, DC",1
1,0,1,80,"Non-Hispanic White",0,"Less than high school degree",1,1.22,"Born in 50 US states or Washington, DC",2
0,0,2,57,"Non-Hispanic White",0,"Some college or above",0,5,"Born in 50 US states or Washington, DC",1
1,0,1,77,"Non-Hispanic White",1,"Some college or above",0,5,"Born in 50 US states or Washington, DC",1
1,1,2,69,"Non-Hispanic White",0,"Less than high school degree",0,3.82,"Born in 50 US states or Washington, DC",2
0,0,1,20,"Mexican American",0,"High school",0,1.23,"Born in 50 US states or Washington, DC",5
0,0,2,30,"Other Hispanic",0,"High school",1,0.57,"Born in 50 US states or Washington, DC",3
1,0,1,42,"Other Hispanic",0,"Some college or above",0,5,"Born in 50 US states or Washington, DC",1
0,0,2,61,"Non-Hispanic White",0,"Some college or above",1,5,"Born in 50 US states or Washington, DC",3
0,0,1,58,"Non-Hispanic White",0,"Some college or above",1,2.62,"Born in 50 US states or Washington, DC",2
0,1,1,20,"Non-Hispanic White",0,"Some college or above",0,2.82,"Born in 50 US states or Washington, DC",3
0,0,1,20,"Non-Hispanic White",0,"Less than high school degree",1,5,"Born in 50 US states or Washington, DC",6
0,0,1,27,"Non-Hispanic White",0,"Some college or above",0,2.87,"Born in 50 US states or Washington, DC",1
0,0,2,26,"Non-Hispanic Black",0,"Some college or above",0,1.44,"Born in 50 US states or Washington, DC",2
1,0,2,63,"Non-Hispanic White",0,"Some college or above",0,4.42,"Born in 50 US states or Washington, DC",1
0,0,2,34,"Non-Hispanic Asian",0,"Some college or above",1,2.16,"Other",5
1,0,2,63,"Non-Hispanic Black",0,"Some college or above",1,5,"Other",2
0,0,1,65,"Non-Hispanic White",0,"Some college or above",1,1.27,"Born in 50 US states or Washington, DC",2
0,1,2,63,"Non-Hispanic White",0,"Some college or above",0,4.53,"Born in 50 US states or Washington, DC",1
1,0,2,54,"Non-Hispanic Black",0,"High school",0,0,"Born in 50 US states or Washington, DC",1
1,0,2,60,"Non-Hispanic White",0,"High school",1,3.55,"Born in 50 US states or Washington, DC",2
0,0,2,62,"Non-Hispanic White",0,"Some college or above",1,3.04,"Born in 50 US states or Washington, DC",2
1,0,2,75,"Non-Hispanic Black",0,"Some college or above",0,0.76,"Other",2
0,0,2,73,"Non-Hispanic Asian",0,"Some college or above",1,1.91,"Other",2
0,0,2,59,"Non-Hispanic White",0,"Some college or above",0,5,"Born in 50 US states or Washington, DC",1
0,0,1,26,"Other",0,"Some college or above",0,3.43,"Other",2
0,0,2,28,"Non-Hispanic Asian",0,"Some college or above",1,5,"Born in 50 US states or Washington, DC",2
0,0,2,47,"Non-Hispanic White",0,"Some college or above",1,5,"Born in 50 US states or Washington, DC",5
0,0,2,21,"Non-Hispanic White",0,"Some college or above",0,1.3,"Born in 50 US states or Washington, DC",4
1,0,2,69,"Non-Hispanic Black",0,"High school",0,0.68,"Other",2
1,0,2,48,"Non-Hispanic White",0,"Some college or above",1,4.12,"Born in 50 US states or Washington, DC",3
1,0,2,60,"Other",0,"High school",0,0.66,"Born in 50 US states or Washington, DC",1
0,0,2,29,"Non-Hispanic Black",0,"High school",1,1.91,"Born in 50 US states or Washington, DC",2
1,0,1,30,"Mexican American",0,"Less than high school degree",0,1.2,"Born in 50 US states or Washington, DC",2
1,1,2,53,"Non-Hispanic White",0,"Some college or above",0,2.19,"Born in 50 US states or Washington, DC",1
0,0,2,76,"Non-Hispanic White",0,"Some college or above",1,4.1,"Born in 50 US states or Washington, DC",2
0,0,2,75,"Non-Hispanic White",0,"High school",0,1.84,"Born in 50 US states or Washington, DC",1
0,0,2,26,"Non-Hispanic White",0,"High school",1,2.61,"Born in 50 US states or Washington, DC",3
1,0,2,50,"Non-Hispanic White",0,"Some college or above",0,5,"Born in 50 US states or Washington, DC",1
0,0,2,23,"Other",0,"Less than high school degree",1,0.34,"Born in 50 US states or Washington, DC",5
0,0,2,30,"Non-Hispanic Black",0,"High school",1,0.25,"Born in 50 US states or Washington, DC",6
1,0,1,33,"Mexican American",0,"Some college or above",1,5,"Born in 50 US states or Washington, DC",5
1,1,2,61,"Non-Hispanic Black",0,"High school",0,2.03,"Born in 50 US states or Washington, DC",3
1,1,2,73,"Non-Hispanic White",0,"High school",0,0.88,"Born in 50 US states or Washington, DC",1
0,0,2,55,"Non-Hispanic White",0,"Some college or above",1,2.04,"Born in 50 US states or Washington, DC",2
0,0,2,46,"Other Hispanic",0,"High school",1,0.2,"Other",3
0,0,1,63,"Non-Hispanic White",0,"Some college or above",1,5,"Born in 50 US states or Washington, DC",2
0,0,1,66,"Non-Hispanic White",0,"Some college or above",0,1.38,"Born in 50 US states or Washington, DC",1
1,0,1,55,"Mexican American",0,"High school",1,3.24,"Born in 50 US states or Washington, DC",4
0,0,2,25,"Non-Hispanic White",0,"Some college or above",1,2.39,"Born in 50 US states or Washington, DC",3
0,0,1,23,"Other Hispanic",0,"Some college or above",0,1.03,"Born in 50 US states or Washington, DC",4
1,0,2,44,"Non-Hispanic White",0,"Some college or above",1,5,"Born in 50 US states or Washington, DC",2
1,1,1,52,"Non-Hispanic Black",1,"Some college or above",0,5,"Born in 50 US states or Washington, DC",1
1,0,2,59,"Other Hispanic",0,"Some college or above",0,1.77,"Born in 50 US states or Washington, DC",1
0,0,1,20,"Non-Hispanic White",0,"High school",1,0.65,"Born in 50 US states or Washington, DC",2
0,0,2,22,"Mexican American",0,"Some college or above",0,1.99,"Other",5
0,0,2,30,"Non-Hispanic White",0,"Some college or above",1,3.77,"Born in 50 US states or Washington, DC",2
1,0,2,40,"Non-Hispanic White",0,"High school",0,1.85,"Born in 50 US states or Washington, DC",3
1,1,2,56,"Non-Hispanic White",0,"Some college or above",0,2.74,"Born in 50 US states or Washington, DC",2
1,1,2,57,"Non-Hispanic White",0,"Some college or above",0,5,"Born in 50 US states or Washington, DC",1
0,0,1,80,"Non-Hispanic White",1,"High school",1,1.97,"Born in 50 US states or Washington, DC",2
0,0,2,55,"Non-Hispanic White",0,"Some college or above",1,5,"Born in 50 US states or Washington, DC",2
1,0,2,67,"Other Hispanic",0,"Some college or above",1,2.73,"Born in 50 US states or Washington, DC",2
0,0,2,25,"Non-Hispanic White",0,"Some college or above",1,5,"Born in 50 US states or Washington, DC",2
0,1,1,27,"Non-Hispanic White",0,"Some college or above",1,5,"Born in 50 US states or Washington, DC",2
0,0,2,79,"Non-Hispanic White",0,"High school",1,2.28,"Born in 50 US states or Washington, DC",2
1,0,2,69,"Non-Hispanic White",0,"High school",0,0.87,"Born in 50 US states or Washington, DC",2
1,0,1,68,"Non-Hispanic Black",0,"High school",1,2.84,"Born in 50 US states or Washington, DC",2
0,0,1,62,"Other Hispanic",0,"Less than high school degree",1,0.6,"Born in 50 US states or Washington, DC",3
0,0,1,46,"Non-Hispanic White",0,"Some college or above",0,5,"Born in 50 US states or Washington, DC",1
0,0,2,21,"Other Hispanic",0,"High school",0,0,"Born in 50 US states or Washington, DC",2
0,0,1,41,"Non-Hispanic White",0,"Some college or above",0,5,"Born in 50 US states or Washington, DC",1
1,0,2,64,"Non-Hispanic White",0,"Some college or above",1,2.62,"Born in 50 US states or Washington, DC",2
0,0,2,25,"Non-Hispanic White",0,"Some college or above",1,2.73,"Born in 50 US states or Washington, DC",2
0,0,2,45,"Non-Hispanic Asian",0,"Less than high school degree",1,0.58,"Other",7
0,1,1,60,"Non-Hispanic Black",1,"High school",0,0.09,"Born in 50 US states or Washington, DC",2
0,0,2,27,"Mexican American",0,"Less than high school degree",0,0.05,"Born in 50 US states or Washington, DC",5
1,0,2,80,"Non-Hispanic White",0,"High school",1,2.16,"Born in 50 US states or Washington, DC",2
0,0,2,72,"Non-Hispanic White",0,"Some college or above",1,3.38,"Born in 50 US states or Washington, DC",3
0,0,2,37,"Non-Hispanic White",0,"Some college or above",0,4.78,"Born in 50 US states or Washington, DC",1
0,0,2,44,"Other Hispanic",0,"Less than high school degree",0,0.52,"Other",4
1,0,2,61,"Non-Hispanic White",0,"High school",1,4.59,"Born in 50 US states or Washington, DC",2
0,0,2,20,"Other Hispanic",0,"Some college or above",0,2.13,"Born in 50 US states or Washington, DC",2
0,0,2,23,"Non-Hispanic White",0,"Less than high school degree",1,1.07,"Born in 50 US states or Washington, DC",7
0,0,2,39,"Non-Hispanic White",0,"Some college or above",0,2.55,"Born in 50 US states or Washington, DC",3
0,0,1,54,"Other Hispanic",0,"High school",1,1.16,"Other",4
0,0,1,30,"Other",0,"Some college or above",1,2.18,"Born in 50 US states or Washington, DC",4
0,1,1,42,"Non-Hispanic White",0,"High school",0,1.61,"Born in 50 US states or Washington, DC",3
1,1,2,63,"Non-Hispanic White",0,"Some college or above",1,2.62,"Born in 50 US states or Washington, DC",2
0,0,2,44,"Non-Hispanic White",0,"Some college or above",1,2.98,"Born in 50 US states or Washington, DC",6
1,0,2,59,"Non-Hispanic Black",0,"Some college or above",0,5,"Born in 50 US states or Washington, DC",3
0,0,2,42,"Non-Hispanic White",0,"Some college or above",1,5,"Born in 50 US states or Washington, DC",6
1,0,2,53,"Non-Hispanic Black",0,"Some college or above",0,4.78,"Born in 50 US states or Washington, DC",1
0,0,1,34,"Non-Hispanic Asian",0,"Some college or above",0,5,"Other",1
0,0,2,43,"Non-Hispanic White",0,"Some college or above",0,5,"Born in 50 US states or Washington, DC",3
0,0,2,37,"Non-Hispanic White",0,"Some college or above",0,1.01,"Born in 50 US states or Washington, DC",3
0,0,1,62,"Non-Hispanic White",0,"Some college or above",1,2.28,"Born in 50 US states or Washington, DC",2
0,0,2,61,"Non-Hispanic Black",0,"Some college or above",1,1.04,"Born in 50 US states or Washington, DC",2
0,1,1,56,"Other Hispanic",0,"High school",0,0.66,"Born in 50 US states or Washington, DC",1
0,0,2,76,"Non-Hispanic White",0,"Some college or above",0,3.43,"Born in 50 US states or Washington, DC",1
1,0,2,73,"Mexican American",0,"Less than high school degree",1,1.58,"Born in 50 US states or Washington, DC",2
1,0,1,40,"Other",1,"High school",0,4.46,"Born in 50 US states or Washington, DC",1
0,0,2,22,"Other Hispanic",0,"Some college or above",0,2.95,"Born in 50 US states or Washington, DC",4
0,0,2,21,"Other Hispanic",0,"Some college or above",0,1.3,"Born in 50 US states or Washington, DC",3
0,0,2,60,"Non-Hispanic White",0,"Some college or above",0,3.73,"Born in 50 US states or Washington, DC",1
0,1,1,49,"Other Hispanic",0,"Less than high school degree",1,5,"Born in 50 US states or Washington, DC",3
1,0,2,59,"Other Hispanic",0,"Less than high school degree",1,2.48,"Other",2
0,0,2,68,"Non-Hispanic White",0,"Some college or above",1,5,"Born in 50 US states or Washington, DC",2
0,0,1,66,"Non-Hispanic White",0,"Some college or above",1,0,"Born in 50 US states or Washington, DC",2
1,0,2,72,"Non-Hispanic White",0,"Some college or above",1,3.13,"Born in 50 US states or Washington, DC",5
1,1,1,52,"Other",0,"Some college or above",0,2.94,"Other",1
1,1,1,51,"Non-Hispanic White",0,"Less than high school degree",0,0.69,"Born in 50 US states or Washington, DC",2
1,0,2,80,"Non-Hispanic White",0,"Some college or above",0,3.77,"Born in 50 US states or Washington, DC",1
1,1,2,38,"Other",0,"Some college or above",0,3.83,"Born in 50 US states or Washington, DC",2
1,0,1,80,"Non-Hispanic White",0,"High school",0,3.43,"Born in 50 US states or Washington, DC",1
0,0,2,57,"Other Hispanic",0,"Some college or above",0,1.91,"Other",1
0,0,2,31,"Other Hispanic",0,"Some college or above",0,5,"Other",1
0,1,1,40,"Non-Hispanic White",0,"Some college or above",1,3.4,"Born in 50 US states or Washington, DC",4
0,0,2,33,"Non-Hispanic Asian",0,"Some college or above",1,4.67,"Born in 50 US states or Washington, DC",4
0,1,2,45,"Non-Hispanic White",0,"High school",0,5,"Born in 50 US states or Washington, DC",1
0,0,2,39,"Non-Hispanic White",0,"Some college or above",1,4.1,"Born in 50 US states or Washington, DC",4
0,0,1,62,"Other Hispanic",0,"Some college or above",1,5,"Other",3
0,0,2,37,"Non-Hispanic White",0,"Some college or above",1,1.67,"Born in 50 US states or Washington, DC",4
0,0,1,71,"Non-Hispanic White",0,"Some college or above",0,3.09,"Born in 50 US states or Washington, DC",1
0,1,1,58,"Non-Hispanic White",0,"Some college or above",1,5,"Born in 50 US states or Washington, DC",4
0,0,2,20,"Other",0,"Some college or above",0,0.55,"Born in 50 US states or Washington, DC",4
1,1,2,66,"Non-Hispanic White",0,"High school",1,2.04,"Born in 50 US states or Washington, DC",3
0,1,2,57,"Other Hispanic",0,"High school",1,4.59,"Other",2
1,0,2,68,"Non-Hispanic White",0,"Some college or above",1,0.88,"Born in 50 US states or Washington, DC",2
0,0,2,42,"Other Hispanic",0,"Some college or above",1,1.8,"Other",4
0,0,2,40,"Non-Hispanic White",0,"Some college or above",0,2.46,"Born in 50 US states or Washington, DC",2
0,0,1,48,"Non-Hispanic Black",0,"Some college or above",1,5,"Born in 50 US states or Washington, DC",3
0,1,1,50,"Non-Hispanic White",1,"Some college or above",0,5,"Born in 50 US states or Washington, DC",1
0,0,2,52,"Non-Hispanic White",0,"High school",1,3.8,"Born in 50 US states or Washington, DC",2
0,0,1,66,"Non-Hispanic White",0,"Some college or above",1,5,"Other",3
1,0,1,75,"Non-Hispanic White",0,"Some college or above",1,5,"Born in 50 US states or Washington, DC",2
0,1,1,29,"Non-Hispanic White",0,"Some college or above",0,1.84,"Born in 50 US states or Washington, DC",1
1,0,1,74,"Non-Hispanic White",0,"High school",1,1.26,"Born in 50 US states or Washington, DC",2
1,1,2,51,"Non-Hispanic White",0,"Some college or above",1,3.16,"Born in 50 US states or Washington, DC",2
1,0,2,52,"Non-Hispanic White",0,"Some college or above",1,2.61,"Born in 50 US states or Washington, DC",3
1,1,1,80,"Non-Hispanic White",1,"Some college or above",1,2.13,"Born in 50 US states or Washington, DC",2
0,0,1,54,"Non-Hispanic White",0,"Some college or above",0,5,"Born in 50 US states or Washington, DC",1
0,0,2,20,"Non-Hispanic White",0,"Less than high school degree",1,2.41,"Born in 50 US states or Washington, DC",3
0,0,1,63,"Non-Hispanic White",0,"Some college or above",1,1.23,"Other",2
0,0,2,55,"Non-Hispanic White",0,"Some college or above",0,4.27,"Born in 50 US states or Washington, DC",1
1,0,1,72,"Non-Hispanic White",0,"Some college or above",1,5,"Born in 50 US states or Washington, DC",2
0,0,2,70,"Non-Hispanic White",0,"Some college or above",1,4.59,"Born in 50 US states or Washington, DC",2
1,0,2,70,"Non-Hispanic White",0,"High school",0,1.69,"Born in 50 US states or Washington, DC",1
0,0,2,38,"Non-Hispanic White",0,"Some college or above",1,1.8,"Born in 50 US states or Washington, DC",4
1,1,1,40,"Non-Hispanic White",0,"High school",1,0.98,"Born in 50 US states or Washington, DC",7
1,0,2,58,"Other",0,"Less than high school degree",0,0.59,"Born in 50 US states or Washington, DC",1
0,1,2,47,"Non-Hispanic White",0,"High school",1,5,"Born in 50 US states or Washington, DC",3
1,0,2,80,"Other Hispanic",0,"Some college or above",0,0.74,"Other",1
1,0,1,59,"Non-Hispanic White",0,"High school",0,5,"Born in 50 US states or Washington, DC",1
1,1,1,43,"Non-Hispanic Black",0,"Some college or above",1,5,"Born in 50 US states or Washington, DC",2
1,0,1,80,"Non-Hispanic White",0,"Some college or above",1,2.07,"Born in 50 US states or Washington, DC",2
0,0,2,68,"Non-Hispanic White",0,"High school",1,2.73,"Born in 50 US states or Washington, DC",2
0,0,1,20,"Mexican American",0,"Some college or above",0,1.17,"Born in 50 US states or Washington, DC",4
0,0,1,52,"Non-Hispanic White",1,"Some college or above",1,1.42,"Born in 50 US states or Washington, DC",7
1,0,1,32,"Non-Hispanic White",0,"Some college or above",1,5,"Born in 50 US states or Washington, DC",2
0,0,2,72,"Non-Hispanic White",0,"Some college or above",0,4.42,"Born in 50 US states or Washington, DC",1
0,0,2,34,"Non-Hispanic White",0,"Some college or above",1,5,"Born in 50 US states or Washington, DC",2
1,0,1,60,"Mexican American",1,"High school",1,5,"Born in 50 US states or Washington, DC",3
0,0,1,67,"Non-Hispanic White",0,"Some college or above",1,5,"Other",2
1,0,1,62,"Non-Hispanic White",0,"High school",1,5,"Born in 50 US states or Washington, DC",3
0,0,2,32,"Non-Hispanic Asian",0,"Some college or above",1,5,"Other",2
0,0,2,63,"Non-Hispanic White",0,"Some college or above",1,3.17,"Born in 50 US states or Washington, DC",4
0,0,1,33,"Other Hispanic",0,"Less than high school degree",1,2.67,"Other",4
0,0,2,52,"Non-Hispanic Asian",0,"Less than high school degree",1,0.65,"Other",7
1,0,2,33,"Non-Hispanic White",0,"Some college or above",0,0.02,"Born in 50 US states or Washington, DC",5
1,0,2,66,"Non-Hispanic White",0,"Some college or above",1,5,"Born in 50 US states or Washington, DC",2
1,0,2,73,"Non-Hispanic White",0,"High school",0,1.44,"Born in 50 US states or Washington, DC",1
1,0,2,80,"Non-Hispanic White",0,"Some college or above",1,3.28,"Born in 50 US states or Washington, DC",2
0,0,2,59,"Non-Hispanic White",0,"Some college or above",1,1.22,"Born in 50 US states or Washington, DC",3
1,0,2,52,"Non-Hispanic Asian",0,"Some college or above",1,2.13,"Other",2
0,0,2,34,"Other Hispanic",0,"Some college or above",1,2.88,"Born in 50 US states or Washington, DC",4
1,0,2,65,"Non-Hispanic White",0,"Some college or above",1,5,"Born in 50 US states or Washington, DC",2
1,0,2,61,"Non-Hispanic White",0,"Some college or above",0,5,"Born in 50 US states or Washington, DC",4
0,0,2,20,"Non-Hispanic Asian",0,"High school",0,0.04,"Born in 50 US states or Washington, DC",2
1,0,2,65,"Non-Hispanic Black",0,"Some college or above",0,0.1,"Born in 50 US states or Washington, DC",1
1,0,1,70,"Non-Hispanic White",0,"High school",0,1.47,"Born in 50 US states or Washington, DC",5
0,0,1,25,"Mexican American",0,"Some college or above",0,5,"Born in 50 US states or Washington, DC",3
1,0,2,42,"Other",0,"Some college or above",0,0.97,"Born in 50 US states or Washington, DC",2
1,0,1,46,"Non-Hispanic White",0,"High school",0,2.95,"Born in 50 US states or Washington, DC",1
0,0,2,20,"Other",0,"Some college or above",1,2.32,"Born in 50 US states or Washington, DC",2
0,1,1,54,"Other Hispanic",0,"Some college or above",0,1.77,"Other",1
1,0,2,61,"Non-Hispanic White",0,"Some college or above",1,1.37,"Born in 50 US states or Washington, DC",6
0,1,1,43,"Non-Hispanic Asian",0,"Some college or above",1,5,"Other",2
0,0,2,20,"Non-Hispanic Asian",0,"High school",0,5,"Born in 50 US states or Washington, DC",4
0,0,2,80,"Non-Hispanic White",0,"Some college or above",0,5,"Born in 50 US states or Washington, DC",1
0,0,1,37,"Non-Hispanic White",1,"Some college or above",1,4.4,"Born in 50 US states or Washington, DC",3
1,0,1,67,"Non-Hispanic Black",0,"Less than high school degree",1,3.24,"Other",1
1,0,1,80,"Non-Hispanic Asian",0,"High school",0,0.36,"Other",1
0,0,2,36,"Non-Hispanic Asian",0,"Some college or above",1,5,"Other",3
1,1,1,58,"Non-Hispanic White",0,"High school",1,2.66,"Born in 50 US states or Washington, DC",2
0,0,2,68,"Non-Hispanic White",0,"Some college or above",1,3.93,"Born in 50 US states or Washington, DC",2
0,1,2,29,"Non-Hispanic White",0,"Some college or above",0,0.96,"Born in 50 US states or Washington, DC",7
0,0,2,25,"Non-Hispanic Black",0,"Some college or above",0,2.39,"Born in 50 US states or Washington, DC",3
0,0,2,21,"Non-Hispanic White",0,"Some college or above",0,0.15,"Born in 50 US states or Washington, DC",3
0,0,2,43,"Non-Hispanic White",1,"Some college or above",1,3.13,"Born in 50 US states or Washington, DC",5
0,1,2,57,"Non-Hispanic White",0,"High school",1,2.58,"Born in 50 US states or Washington, DC",2
0,1,1,60,"Non-Hispanic Black",0,"Some college or above",0,0.66,"Born in 50 US states or Washington, DC",1
0,0,2,60,"Mexican American",0,"Less than high school degree",1,0,"Other",2
0,0,1,52,"Non-Hispanic White",0,"Some college or above",1,4.05,"Born in 50 US states or Washington, DC",2
0,0,2,48,"Non-Hispanic White",0,"Some college or above",1,3.16,"Born in 50 US states or Washington, DC",2
0,0,2,57,"Non-Hispanic Asian",0,"Some college or above",1,5,"Other",3
1,0,2,68,"Non-Hispanic Black",0,"Less than high school degree",0,1.01,"Other",1
0,0,2,62,"Non-Hispanic Asian",0,"Some college or above",1,5,"Other",2
0,0,2,28,"Non-Hispanic White",0,"Some college or above",1,1,"Born in 50 US states or Washington, DC",4
1,1,1,41,"Non-Hispanic White",0,"High school",0,0.7,"Born in 50 US states or Washington, DC",1
0,0,2,20,"Non-Hispanic White",0,"Some college or above",0,0.07,"Born in 50 US states or Washington, DC",2
1,0,1,63,"Other",0,"Less than high school degree",1,3.99,"Born in 50 US states or Washington, DC",3
1,0,2,71,"Non-Hispanic White",0,"Some college or above",1,2.03,"Born in 50 US states or Washington, DC",2
0,0,1,23,"Non-Hispanic White",0,"Some college or above",1,5,"Born in 50 US states or Washington, DC",2
0,0,1,40,"Non-Hispanic White",0,"Some college or above",1,5,"Born in 50 US states or Washington, DC",3
0,0,1,63,"Non-Hispanic White",0,"Some college or above",0,5,"Born in 50 US states or Washington, DC",1
0,0,2,55,"Other Hispanic",0,"Some college or above",1,5,"Other",2
0,0,1,27,"Non-Hispanic White",0,"Some college or above",1,1.75,"Born in 50 US states or Washington, DC",6
0,0,2,21,"Non-Hispanic Black",0,"High school",0,2.11,"Other",3
1,0,2,80,"Non-Hispanic Black",0,"Less than high school degree",0,1.29,"Born in 50 US states or Washington, DC",1
0,0,2,44,"Other",0,"Some college or above",0,3.31,"Other",1
0,1,1,56,"Non-Hispanic Black",0,"Less than high school degree",0,1.82,"Born in 50 US states or Washington, DC",1
0,0,1,31,"Other",0,"Some college or above",1,4.27,"Born in 50 US states or Washington, DC",5
0,0,1,63,"Non-Hispanic Black",0,"Some college or above",1,5,"Born in 50 US states or Washington, DC",3
0,0,1,68,"Non-Hispanic White",0,"Some college or above",0,1.17,"Born in 50 US states or Washington, DC",1
1,0,1,63,"Non-Hispanic White",0,"Some college or above",1,5,"Other",1
0,0,2,57,"Non-Hispanic White",0,"Some college or above",0,2.08,"Born in 50 US states or Washington, DC",2
0,0,2,61,"Non-Hispanic White",0,"Some college or above",1,1.89,"Born in 50 US states or Washington, DC",3
1,0,2,52,"Non-Hispanic Asian",0,"Some college or above",1,3.33,"Other",4
1,0,1,66,"Non-Hispanic Black",0,"Some college or above",0,4.05,"Born in 50 US states or Washington, DC",1
1,1,1,68,"Non-Hispanic Black",0,"Less than high school degree",0,0.95,"Born in 50 US states or Washington, DC",1
0,1,2,33,"Non-Hispanic White",0,"Some college or above",0,1.97,"Born in 50 US states or Washington, DC",3
0,0,1,60,"Non-Hispanic Asian",0,"Some college or above",1,2.13,"Other",2
1,0,2,66,"Non-Hispanic White",0,"Some college or above",0,2.19,"Born in 50 US states or Washington, DC",1
1,1,2,59,"Mexican American",0,"Less than high school degree",1,1.6,"Other",4
0,0,2,69,"Non-Hispanic White",0,"Some college or above",1,4.94,"Born in 50 US states or Washington, DC",2
0,0,1,71,"Non-Hispanic White",0,"Some college or above",1,4.26,"Born in 50 US states or Washington, DC",2
1,0,2,64,"Non-Hispanic White",0,"Some college or above",0,1.31,"Born in 50 US states or Washington, DC",2
0,0,2,44,"Mexican American",0,"High school",0,0.98,"Other",2
1,0,2,60,"Non-Hispanic White",0,"Some college or above",0,1.77,"Born in 50 US states or Washington, DC",4
1,0,2,60,"Other Hispanic",0,"Some college or above",1,5,"Born in 50 US states or Washington, DC",3
1,1,1,59,"Other Hispanic",0,"Some college or above",0,0.7,"Born in 50 US states or Washington, DC",1
1,0,1,39,"Non-Hispanic White",0,"Some college or above",1,5,"Born in 50 US states or Washington, DC",4
1,0,2,29,"Non-Hispanic Black",0,"Some college or above",0,1.98,"Born in 50 US states or Washington, DC",4
1,0,1,58,"Non-Hispanic Asian",0,"Some college or above",1,5,"Other",3
1,0,1,70,"Other Hispanic",0,"Less than high school degree",1,2.73,"Other",3
1,0,2,65,"Non-Hispanic Asian",0,"High school",1,1.64,"Other",2
0,0,1,54,"Non-Hispanic White",0,"Some college or above",1,5,"Born in 50 US states or Washington, DC",2
0,0,2,64,"Non-Hispanic White",0,"Some college or above",1,3.65,"Born in 50 US states or Washington, DC",2
0,0,2,71,"Non-Hispanic White",0,"Some college or above",1,3.55,"Born in 50 US states or Washington, DC",2
0,1,1,69,"Other",1,"Less than high school degree",0,2.94,"Other",2
0,0,2,54,"Non-Hispanic White",0,"Some college or above",1,5,"Born in 50 US states or Washington, DC",2
0,0,2,33,"Non-Hispanic White",0,"Some college or above",1,5,"Born in 50 US states or Washington, DC",2
0,0,2,45,"Mexican American",0,"Some college or above",0,1.01,"Other",2
0,0,2,51,"Mexican American",0,"High school",0,0.69,"Other",2
0,0,1,65,"Non-Hispanic White",0,"Some college or above",1,5,"Born in 50 US states or Washington, DC",4
0,1,1,43,"Other Hispanic",0,"Less than high school degree",0,0.12,"Born in 50 US states or Washington, DC",2
0,0,2,65,"Non-Hispanic White",0,"Some college or above",0,5,"Born in 50 US states or Washington, DC",2
1,0,1,72,"Non-Hispanic White",0,"Some college or above",1,5,"Born in 50 US states or Washington, DC",2
1,0,2,44,"Non-Hispanic White",0,"Some college or above",1,4.94,"Born in 50 US states or Washington, DC",2
1,0,1,24,"Non-Hispanic White",0,"High school",0,5,"Born in 50 US states or Washington, DC",4
1,1,1,61,"Other Hispanic",0,"High school",1,0.87,"Born in 50 US states or Washington, DC",3
0,0,2,36,"Non-Hispanic White",0,"Some college or above",0,1.57,"Born in 50 US states or Washington, DC",5
0,0,1,70,"Other Hispanic",0,"Some college or above",1,2.48,"Other",2
0,0,2,33,"Other Hispanic",0,"Less than high school degree",1,0.01,"Other",7
1,0,1,80,"Non-Hispanic White",0,"Some college or above",0,5,"Other",1
1,1,1,64,"Non-Hispanic White",0,"High school",0,1.25,"Born in 50 US states or Washington, DC",1
0,0,2,43,"Other Hispanic",0,"Some college or above",1,0.97,"Other",5
0,0,2,27,"Non-Hispanic White",0,"Some college or above",1,1.47,"Born in 50 US states or Washington, DC",2
1,1,2,45,"Non-Hispanic White",0,"Some college or above",1,3.27,"Born in 50 US states or Washington, DC",5
0,0,2,35,"Non-Hispanic Asian",0,"Some college or above",1,1.05,"Other",6
0,0,2,57,"Other Hispanic",0,"Some college or above",1,2.4,"Other",5
1,0,2,34,"Non-Hispanic Black",0,"Some college or above",1,1.82,"Born in 50 US states or Washington, DC",3
0,0,2,32,"Other Hispanic",0,"High school",0,1.31,"Other",5
1,0,2,49,"Non-Hispanic White",0,"Some college or above",0,2.29,"Born in 50 US states or Washington, DC",2
0,0,1,31,"Mexican American",0,"High school",0,0.84,"Born in 50 US states or Washington, DC",1
0,1,2,44,"Other",0,"Less than high school degree",0,0,"Born in 50 US states or Washington, DC",1
0,0,2,23,"Other",0,"Less than high school degree",0,0.71,"Born in 50 US states or Washington, DC",2
0,0,2,43,"Non-Hispanic Black",0,"Some college or above",1,1.39,"Other",5
1,0,1,45,"Mexican American",0,"Less than high school degree",1,0.91,"Other",7
1,0,2,73,"Non-Hispanic White",0,"Some college or above",1,5,"Other",2
0,0,2,20,"Mexican American",0,"High school",0,1.74,"Born in 50 US states or Washington, DC",3
0,0,2,70,"Non-Hispanic White",0,"Some college or above",0,5,"Born in 50 US states or Washington, DC",1
0,0,2,55,"Non-Hispanic White",0,"Some college or above",0,1.67,"Other",2
0,0,1,35,"Mexican American",0,"High school",1,1.13,"Born in 50 US states or Washington, DC",4
1,0,2,64,"Non-Hispanic Asian",0,"Some college or above",1,5,"Other",7
0,0,2,67,"Non-Hispanic White",0,"Some college or above",0,5,"Born in 50 US states or Washington, DC",2
1,1,2,69,"Other Hispanic",0,"High school",0,4.37,"Other",2
0,0,1,36,"Non-Hispanic White",0,"Some college or above",1,4.67,"Born in 50 US states or Washington, DC",4
0,0,1,38,"Non-Hispanic White",0,"Some college or above",1,5,"Born in 50 US states or Washington, DC",2
0,0,2,37,"Non-Hispanic Black",0,"Some college or above",0,0.7,"Other",4
1,1,1,69,"Non-Hispanic White",1,"Some college or above",0,1.55,"Born in 50 US states or Washington, DC",1
0,1,1,62,"Non-Hispanic White",0,"Some college or above",1,5,"Born in 50 US states or Washington, DC",2
1,0,1,73,"Non-Hispanic Asian",0,"Some college or above",0,5,"Born in 50 US states or Washington, DC",2
0,0,2,29,"Non-Hispanic White",0,"Some college or above",0,5,"Born in 50 US states or Washington, DC",3
1,0,2,73,"Non-Hispanic Asian",0,"Some college or above",1,1.97,"Born in 50 US states or Washington, DC",2
0,0,1,61,"Non-Hispanic Asian",0,"Some college or above",1,3.62,"Other",3
0,1,1,21,"Non-Hispanic White",0,"Less than high school degree",0,0.43,"Born in 50 US states or Washington, DC",7
0,0,2,25,"Non-Hispanic Asian",0,"High school",1,0.92,"Other",5
1,0,2,80,"Non-Hispanic White",0,"Some college or above",0,5,"Born in 50 US states or Washington, DC",4
0,1,2,61,"Non-Hispanic White",0,"Some college or above",0,1.17,"Born in 50 US states or Washington, DC",3
1,0,2,64,"Non-Hispanic White",0,"Some college or above",1,4.92,"Born in 50 US states or Washington, DC",2
0,0,2,25,"Other Hispanic",0,"High school",1,1.09,"Other",2
0,0,2,30,"Other Hispanic",0,"High school",0,0.82,"Other",3
0,0,2,38,"Other Hispanic",0,"Some college or above",1,5,"Other",3
1,0,1,62,"Non-Hispanic White",0,"High school",1,5,"Born in 50 US states or Washington, DC",2
1,0,2,64,"Non-Hispanic White",0,"High school",1,3.82,"Born in 50 US states or Washington, DC",2
0,1,2,53,"Non-Hispanic White",0,"High school",0,2.61,"Born in 50 US states or Washington, DC",1
0,0,1,62,"Non-Hispanic White",1,"Some college or above",1,3.33,"Born in 50 US states or Washington, DC",4
1,1,1,68,"Other Hispanic",0,"Some college or above",0,1.32,"Other",1
1,0,2,73,"Non-Hispanic White",0,"High school",0,1.69,"Born in 50 US states or Washington, DC",1
0,0,2,65,"Non-Hispanic White",0,"Some college or above",1,5,"Born in 50 US states or Washington, DC",2
0,0,2,56,"Mexican American",0,"Less than high school degree",0,4.34,"Born in 50 US states or Washington, DC",3
0,0,2,32,"Other Hispanic",0,"Less than high school degree",0,3.92,"Born in 50 US states or Washington, DC",3
0,0,2,46,"Non-Hispanic White",0,"Some college or above",1,3.33,"Born in 50 US states or Washington, DC",4
0,0,2,64,"Non-Hispanic White",0,"Some college or above",0,1.84,"Born in 50 US states or Washington, DC",1
0,1,1,54,"Non-Hispanic White",1,"Some college or above",1,5,"Born in 50 US states or Washington, DC",1
0,0,2,43,"Mexican American",0,"Less than high school degree",1,2,"Other",4
0,0,2,71,"Non-Hispanic White",0,"Some college or above",0,5,"Born in 50 US states or Washington, DC",1
1,0,2,61,"Mexican American",0,"High school",1,1.51,"Born in 50 US states or Washington, DC",2
0,0,1,54,"Non-Hispanic White",0,"Some college or above",1,4.27,"Born in 50 US states or Washington, DC",5
0,1,1,53,"Non-Hispanic White",0,"High school",0,2.41,"Born in 50 US states or Washington, DC",3
0,0,2,26,"Non-Hispanic Asian",0,"Some college or above",1,5,"Other",2
1,0,1,27,"Other",0,"Some college or above",0,5,"Born in 50 US states or Washington, DC",1
1,1,1,74,"Other",1,"Less than high school degree",1,0.79,"Born in 50 US states or Washington, DC",2
1,0,1,72,"Non-Hispanic White",1,"High school",1,4.41,"Born in 50 US states or Washington, DC",2
1,0,2,53,"Non-Hispanic Black",0,"Some college or above",0,1.59,"Born in 50 US states or Washington, DC",1
0,0,1,26,"Non-Hispanic White",0,"High school",1,3.3,"Born in 50 US states or Washington, DC",3
0,0,2,46,"Other Hispanic",0,"Some college or above",1,5,"Other",5
0,0,2,28,"Non-Hispanic White",0,"Some college or above",0,2.33,"Born in 50 US states or Washington, DC",1
1,0,2,32,"Non-Hispanic White",0,"Some college or above",0,2.61,"Born in 50 US states or Washington, DC",1
0,0,1,21,"Non-Hispanic White",0,"Some college or above",0,0.99,"Other",2
0,0,2,62,"Non-Hispanic White",0,"Some college or above",1,5,"Born in 50 US states or Washington, DC",2
0,1,1,31,"Non-Hispanic White",0,"Some college or above",0,1.99,"Born in 50 US states or Washington, DC",3
0,0,2,46,"Non-Hispanic White",0,"Some college or above",1,4.62,"Born in 50 US states or Washington, DC",5
0,0,2,39,"Non-Hispanic White",0,"Some college or above",1,4.5,"Born in 50 US states or Washington, DC",4
0,0,2,24,"Non-Hispanic White",0,"High school",1,2.61,"Born in 50 US states or Washington, DC",3
0,0,2,61,"Non-Hispanic White",0,"Some college or above",0,1.84,"Born in 50 US states or Washington, DC",1
0,0,1,44,"Other Hispanic",0,"Some college or above",0,5,"Other",3
0,0,1,20,"Other Hispanic",0,"Less than high school degree",0,0.91,"Born in 50 US states or Washington, DC",3
0,0,2,47,"Mexican American",0,"Some college or above",1,5,"Other",2
1,1,1,52,"Non-Hispanic Black",0,"Less than high school degree",1,1.28,"Born in 50 US states or Washington, DC",3
0,1,1,69,"Non-Hispanic White",0,"High school",0,2.33,"Born in 50 US states or Washington, DC",1
0,0,2,68,"Non-Hispanic White",0,"Some college or above",1,3.44,"Born in 50 US states or Washington, DC",2
1,0,2,53,"Non-Hispanic Black",0,"Some college or above",1,5,"Born in 50 US states or Washington, DC",2
0,1,1,43,"Non-Hispanic Black",0,"Some college or above",0,3.69,"Other",4
1,1,1,67,"Non-Hispanic White",1,"High school",1,2.58,"Born in 50 US states or Washington, DC",2
0,0,2,22,"Non-Hispanic White",0,"Some college or above",0,1.47,"Born in 50 US states or Washington, DC",3
1,1,1,25,"Non-Hispanic White",0,"High school",0,2.13,"Born in 50 US states or Washington, DC",5
0,0,2,80,"Other",0,"Some college or above",0,1.01,"Born in 50 US states or Washington, DC",1
0,1,2,62,"Non-Hispanic White",0,"Some college or above",0,1.8,"Born in 50 US states or Washington, DC",2
1,1,2,70,"Non-Hispanic Black",0,"High school",0,1.07,"Born in 50 US states or Washington, DC",1
0,0,1,32,"Non-Hispanic White",0,"High school",0,4.05,"Born in 50 US states or Washington, DC",1
0,0,2,52,"Non-Hispanic White",0,"Some college or above",0,5,"Born in 50 US states or Washington, DC",1
0,0,2,29,"Other Hispanic",0,"Less than high school degree",1,0.54,"Other",4
1,0,2,67,"Non-Hispanic Black",0,"Other",0,3.28,"Other",2
0,0,2,71,"Non-Hispanic White",0,"High school",1,1.12,"Born in 50 US states or Washington, DC",2
1,0,1,49,"Other Hispanic",0,"Some college or above",0,3.43,"Other",2
0,0,1,29,"Non-Hispanic White",0,"Some college or above",0,2.58,"Other",4
1,0,2,45,"Non-Hispanic Asian",0,"Some college or above",1,1.1,"Other",4
1,0,1,62,"Non-Hispanic White",0,"Some college or above",1,5,"Other",2
0,0,1,47,"Non-Hispanic White",0,"Some college or above",1,5,"Born in 50 US states or Washington, DC",4
1,0,2,78,"Non-Hispanic White",0,"Some college or above",1,2.18,"Born in 50 US states or Washington, DC",2
1,0,1,65,"Non-Hispanic White",0,"Some college or above",1,5,"Born in 50 US states or Washington, DC",2
0,0,1,63,"Non-Hispanic Black",0,"Some college or above",1,5,"Born in 50 US states or Washington, DC",2
0,0,2,58,"Non-Hispanic White",0,"Some college or above",0,4.12,"Born in 50 US states or Washington, DC",1
0,1,2,50,"Non-Hispanic White",0,"Some college or above",0,1.42,"Born in 50 US states or Washington, DC",2
0,0,2,77,"Non-Hispanic White",0,"Some college or above",1,5,"Born in 50 US states or Washington, DC",2
0,0,1,32,"Other Hispanic",0,"Some college or above",0,4.78,"Born in 50 US states or Washington, DC",1
1,0,2,30,"Non-Hispanic Black",0,"High school",0,1.64,"Born in 50 US states or Washington, DC",2
1,0,1,73,"Non-Hispanic White",0,"Some college or above",0,2.1,"Born in 50 US states or Washington, DC",1
0,0,2,27,"Non-Hispanic White",0,"Some college or above",1,5,"Born in 50 US states or Washington, DC",4
0,0,2,62,"Non-Hispanic Black",0,"High school",0,1.68,"Born in 50 US states or Washington, DC",1
1,0,1,71,"Non-Hispanic White",1,"High school",0,1.32,"Born in 50 US states or Washington, DC",1
1,1,2,60,"Other Hispanic",0,"Some college or above",0,1.15,"Born in 50 US states or Washington, DC",2
0,1,2,65,"Non-Hispanic White",0,"Some college or above",1,1.77,"Born in 50 US states or Washington, DC",2
0,0,2,60,"Non-Hispanic White",0,"Some college or above",0,5,"Born in 50 US states or Washington, DC",2
1,0,1,64,"Non-Hispanic White",0,"High school",0,5,"Born in 50 US states or Washington, DC",1
0,1,1,53,"Non-Hispanic Asian",0,"Some college or above",0,0.81,"Born in 50 US states or Washington, DC",1
0,0,2,23,"Non-Hispanic White",0,"Some college or above",0,1.1,"Born in 50 US states or Washington, DC",1
1,1,1,68,"Non-Hispanic White",1,"Some college or above",1,2.89,"Born in 50 US states or Washington, DC",2
0,0,2,64,"Non-Hispanic White",0,"High school",1,1.67,"Born in 50 US states or Washington, DC",2
1,0,2,71,"Non-Hispanic White",0,"Some college or above",1,5,"Born in 50 US states or Washington, DC",2
0,0,2,52,"Mexican American",0,"Less than high school degree",1,0.5,"Other",4
1,1,1,58,"Non-Hispanic White",0,"High school",1,1.34,"Born in 50 US states or Washington, DC",3
0,0,2,25,"Non-Hispanic White",0,"Some college or above",1,1.71,"Born in 50 US states or Washington, DC",2
1,1,2,50,"Non-Hispanic White",0,"High school",0,4.12,"Born in 50 US states or Washington, DC",1
0,0,2,58,"Non-Hispanic White",0,"Some college or above",1,1.15,"Born in 50 US states or Washington, DC",2
1,0,2,80,"Non-Hispanic White",0,"High school",0,1.67,"Born in 50 US states or Washington, DC",2
1,0,1,48,"Non-Hispanic White",0,"High school",1,1.07,"Born in 50 US states or Washington, DC",7
1,0,2,79,"Non-Hispanic Black",0,"Some college or above",0,0.62,"Born in 50 US states or Washington, DC",1
1,0,1,61,"Non-Hispanic White",1,"Some college or above",1,5,"Born in 50 US states or Washington, DC",3
0,0,2,46,"Other Hispanic",0,"Some college or above",0,1.32,"Other",3
1,0,2,80,"Non-Hispanic White",0,"Some college or above",0,3.6,"Born in 50 US states or Washington, DC",1
0,0,2,23,"Non-Hispanic White",1,"High school",0,1.09,"Born in 50 US states or Washington, DC",2
1,0,2,56,"Non-Hispanic Black",0,"Some college or above",0,1.84,"Born in 50 US states or Washington, DC",1
0,0,2,39,"Non-Hispanic Asian",0,"Some college or above",1,5,"Other",4
0,0,1,45,"Non-Hispanic White",0,"Some college or above",1,5,"Born in 50 US states or Washington, DC",3
1,1,2,72,"Non-Hispanic Black",0,"Some college or above",0,0.91,"Born in 50 US states or Washington, DC",1
1,1,2,68,"Other",0,"Some college or above",0,0.65,"Born in 50 US states or Washington, DC",2
0,0,1,40,"Non-Hispanic White",1,"Some college or above",1,5,"Born in 50 US states or Washington, DC",4
0,0,1,40,"Non-Hispanic White",0,"Some college or above",1,5,"Other",2
0,0,2,26,"Non-Hispanic White",0,"Some college or above",0,1.57,"Born in 50 US states or Washington, DC",5
0,0,2,49,"Non-Hispanic White",0,"Some college or above",0,2.03,"Born in 50 US states or Washington, DC",2
1,0,2,77,"Other Hispanic",0,"Less than high school degree",1,0.41,"Other",2
0,0,1,68,"Non-Hispanic White",0,"High school",1,3.04,"Born in 50 US states or Washington, DC",2
0,0,2,25,"Non-Hispanic White",0,"Some college or above",1,5,"Other",2
0,0,2,52,"Non-Hispanic White",0,"Some college or above",0,5,"Born in 50 US states or Washington, DC",4
1,0,1,71,"Non-Hispanic White",0,"Some college or above",1,5,"Born in 50 US states or Washington, DC",2
0,0,2,48,"Mexican American",0,"Some college or above",1,1.17,"Other",3
0,0,1,70,"Non-Hispanic White",1,"Some college or above",0,1.06,"Born in 50 US states or Washington, DC",1
0,1,2,53,"Non-Hispanic White",0,"High school",0,4.82,"Born in 50 US states or Washington, DC",2
1,0,2,64,"Other Hispanic",0,"Less than high school degree",1,0.63,"Other",2
0,0,2,33,"Non-Hispanic Black",0,"Some college or above",1,5,"Other",2
0,0,2,67,"Non-Hispanic White",0,"Some college or above",0,3.46,"Born in 50 US states or Washington, DC",1
0,0,1,22,"Non-Hispanic White",0,"High school",0,1.77,"Born in 50 US states or Washington, DC",2
0,0,2,47,"Non-Hispanic White",0,"Some college or above",1,4.22,"Born in 50 US states or Washington, DC",5
1,0,2,41,"Non-Hispanic Black",0,"High school",0,1.01,"Born in 50 US states or Washington, DC",3
0,0,2,80,"Non-Hispanic White",0,"Some college or above",1,4.72,"Born in 50 US states or Washington, DC",2
1,0,2,68,"Other Hispanic",0,"Less than high school degree",1,2.73,"Other",3
0,0,1,51,"Non-Hispanic Asian",0,"Some college or above",1,5,"Other",6
1,0,2,68,"Non-Hispanic Black",0,"Some college or above",0,2.94,"Born in 50 US states or Washington, DC",1
1,0,2,64,"Non-Hispanic Black",0,"High school",1,0.49,"Born in 50 US states or Washington, DC",2
1,0,2,77,"Non-Hispanic White",0,"Some college or above",1,1.3,"Born in 50 US states or Washington, DC",4
1,1,1,75,"Non-Hispanic Asian",0,"High school",1,2.18,"Other",2
0,0,1,38,"Mexican American",0,"Some college or above",0,3.86,"Born in 50 US states or Washington, DC",1
1,0,2,79,"Non-Hispanic White",0,"Some college or above",1,4.61,"Born in 50 US states or Washington, DC",2
0,1,1,23,"Other Hispanic",0,"High school",1,2.92,"Other",4
0,0,2,32,"Other Hispanic",0,"Less than high school degree",1,1.13,"Other",5
0,0,2,23,"Other Hispanic",0,"Some college or above",1,2.73,"Born in 50 US states or Washington, DC",2
0,0,1,33,"Non-Hispanic Black",0,"Some college or above",0,4.97,"Born in 50 US states or Washington, DC",3
0,0,2,54,"Other Hispanic",0,"Less than high school degree",1,1.72,"Other",3
0,0,2,31,"Non-Hispanic White",0,"Some college or above",1,2.16,"Born in 50 US states or Washington, DC",4
0,1,1,53,"Non-Hispanic White",0,"High school",0,2.4,"Born in 50 US states or Washington, DC",1
1,0,2,69,"Other Hispanic",0,"Some college or above",0,0.92,"Other",5
0,0,2,33,"Other Hispanic",0,"Less than high school degree",0,1.23,"Other",5
1,0,1,61,"Non-Hispanic Black",0,"High school",0,1.4,"Born in 50 US states or Washington, DC",4
0,0,1,23,"Non-Hispanic White",0,"Some college or above",1,4.05,"Born in 50 US states or Washington, DC",2
0,0,1,47,"Non-Hispanic Asian",0,"Some college or above",1,0.78,"Other",5
0,0,2,63,"Mexican American",0,"High school",0,1.37,"Other",3
0,0,2,49,"Mexican American",0,"High school",1,1.13,"Other",5
1,0,2,66,"Non-Hispanic White",0,"Some college or above",0,2.74,"Born in 50 US states or Washington, DC",1
0,0,1,31,"Non-Hispanic White",0,"Some college or above",1,5,"Born in 50 US states or Washington, DC",2
0,1,2,54,"Non-Hispanic White",0,"Some college or above",1,5,"Born in 50 US states or Washington, DC",2
0,0,2,75,"Non-Hispanic White",0,"Some college or above",0,3.64,"Born in 50 US states or Washington, DC",1
1,0,2,57,"Other Hispanic",0,"Less than high school degree",0,0.92,"Other",1
1,0,2,80,"Other Hispanic",0,"High school",1,5,"Born in 50 US states or Washington, DC",2
0,1,2,49,"Other",0,"Some college or above",1,0.65,"Born in 50 US states or Washington, DC",3
0,0,1,44,"Non-Hispanic White",0,"Some college or above",1,3.41,"Born in 50 US states or Washington, DC",5
1,1,1,61,"Other",0,"High school",0,3.53,"Born in 50 US states or Washington, DC",1
0,0,2,64,"Other",0,"Some college or above",1,5,"Born in 50 US states or Washington, DC",2
0,0,2,30,"Non-Hispanic White",0,"Some college or above",1,5,"Born in 50 US states or Washington, DC",3
0,0,1,58,"Non-Hispanic White",1,"Some college or above",1,5,"Born in 50 US states or Washington, DC",2
1,0,1,48,"Non-Hispanic Black",1,"Some college or above",0,2.94,"Born in 50 US states or Washington, DC",1
0,0,2,80,"Non-Hispanic White",0,"High school",1,1.91,"Born in 50 US states or Washington, DC",2
1,1,2,65,"Non-Hispanic White",0,"High school",1,3.04,"Born in 50 US states or Washington, DC",2
0,0,1,64,"Non-Hispanic White",0,"Some college or above",1,5,"Born in 50 US states or Washington, DC",2
1,0,2,61,"Non-Hispanic Asian",0,"Some college or above",1,5,"Other",2
0,0,1,24,"Other Hispanic",0,"Some college or above",1,2.3,"Born in 50 US states or Washington, DC",2
0,0,1,25,"Non-Hispanic White",0,"Some college or above",1,5,"Born in 50 US states or Washington, DC",2
0,0,1,34,"Non-Hispanic White",0,"High school",1,3.83,"Born in 50 US states or Washington, DC",2
1,0,2,57,"Non-Hispanic White",0,"Some college or above",1,0.6,"Born in 50 US states or Washington, DC",3
0,0,2,38,"Non-Hispanic White",0,"Some college or above",0,3.22,"Born in 50 US states or Washington, DC",3
0,0,2,27,"Non-Hispanic Asian",0,"Some college or above",0,5,"Other",1
0,0,2,41,"Non-Hispanic White",0,"Some college or above",1,3.41,"Born in 50 US states or Washington, DC",5
1,1,1,66,"Non-Hispanic Black",1,"High school",0,1.16,"Born in 50 US states or Washington, DC",1
0,0,2,41,"Mexican American",0,"Some college or above",1,0.83,"Other",6
1,0,1,67,"Non-Hispanic White",0,"High school",1,1.86,"Born in 50 US states or Washington, DC",2
0,0,2,26,"Mexican American",0,"Some college or above",0,2.09,"Born in 50 US states or Washington, DC",4
0,0,2,55,"Other Hispanic",1,"Less than high school degree",1,0.79,"Other",4
0,0,1,62,"Non-Hispanic White",0,"Some college or above",0,4.05,"Born in 50 US states or Washington, DC",1
0,0,2,32,"Non-Hispanic Black",0,"Some college or above",0,2.56,"Born in 50 US states or Washington, DC",3
0,0,2,58,"Other Hispanic",0,"High school",0,1.37,"Born in 50 US states or Washington, DC",2
0,0,2,65,"Non-Hispanic White",0,"Some college or above",1,5,"Born in 50 US states or Washington, DC",2
1,0,2,47,"Other",0,"Some college or above",0,1.86,"Born in 50 US states or Washington, DC",2
1,0,2,41,"Non-Hispanic Black",0,"Some college or above",0,4.56,"Born in 50 US states or Washington, DC",3
0,0,2,63,"Non-Hispanic White",0,"Some college or above",1,5,"Born in 50 US states or Washington, DC",2
1,0,1,33,"Mexican American",0,"Less than high school degree",1,1.75,"Other",2
0,1,1,49,"Non-Hispanic Black",1,"High school",0,1.15,"Born in 50 US states or Washington, DC",4
0,0,2,53,"Other Hispanic",0,"Some college or above",1,2.71,"Other",3
0,0,2,49,"Mexican American",0,"Some college or above",0,0.87,"Other",3
0,0,1,50,"Other Hispanic",0,"High school",1,3.38,"Other",4
0,1,2,31,"Non-Hispanic White",0,"Some college or above",1,1.91,"Born in 50 US states or Washington, DC",3
1,0,1,73,"Non-Hispanic White",1,"Some college or above",1,3.44,"Born in 50 US states or Washington, DC",2
0,0,2,37,"Non-Hispanic White",0,"Some college or above",1,2.85,"Born in 50 US states or Washington, DC",5
0,0,2,73,"Non-Hispanic White",1,"Some college or above",0,4.05,"Born in 50 US states or Washington, DC",1
0,0,1,55,"Non-Hispanic Black",0,"Some college or above",1,5,"Born in 50 US states or Washington, DC",4
1,0,1,73,"Non-Hispanic Asian",0,"Some college or above",1,2.33,"Other",2
0,0,2,25,"Non-Hispanic White",0,"Some college or above",1,0.97,"Born in 50 US states or Washington, DC",3
0,0,1,70,"Other Hispanic",0,"Less than high school degree",0,0.75,"Other",1
1,0,1,66,"Non-Hispanic White",1,"Some college or above",0,5,"Born in 50 US states or Washington, DC",1
0,0,1,40,"Non-Hispanic White",0,"Some college or above",1,5,"Born in 50 US states or Washington, DC",4
1,0,2,73,"Non-Hispanic White",0,"Some college or above",1,5,"Born in 50 US states or Washington, DC",2
0,1,2,36,"Non-Hispanic White",0,"Less than high school degree",0,0.57,"Born in 50 US states or Washington, DC",7
1,0,1,56,"Non-Hispanic Black",0,"Some college or above",0,5,"Born in 50 US states or Washington, DC",1
1,0,1,43,"Other Hispanic",0,"High school",1,1.02,"Other",6
1,0,1,67,"Non-Hispanic White",0,"Some college or above",1,5,"Born in 50 US states or Washington, DC",2
0,0,1,75,"Non-Hispanic White",1,"Some college or above",0,5,"Born in 50 US states or Washington, DC",1
0,0,1,24,"Non-Hispanic White",0,"Some college or above",0,3.6,"Born in 50 US states or Washington, DC",4
0,0,2,41,"Non-Hispanic White",0,"Some college or above",1,2.43,"Born in 50 US states or Washington, DC",4
0,0,2,20,"Non-Hispanic Black",0,"Some college or above",0,0.63,"Born in 50 US states or Washington, DC",6
0,0,2,31,"Non-Hispanic White",0,"Some college or above",0,2.8,"Born in 50 US states or Washington, DC",1
1,0,1,66,"Non-Hispanic White",0,"Some college or above",1,3,"Born in 50 US states or Washington, DC",2
0,0,2,44,"Mexican American",0,"High school",1,0.19,"Other",4
0,1,1,43,"Non-Hispanic White",0,"Some college or above",0,3.53,"Born in 50 US states or Washington, DC",1
0,0,1,31,"Non-Hispanic Black",0,"Some college or above",0,3.26,"Born in 50 US states or Washington, DC",1
0,1,1,44,"Other Hispanic",0,"Less than high school degree",1,1.41,"Other",4
0,0,1,28,"Non-Hispanic Black",0,"Some college or above",0,0,"Born in 50 US states or Washington, DC",1
0,0,2,51,"Non-Hispanic White",0,"Some college or above",0,0.85,"Born in 50 US states or Washington, DC",2
1,0,2,72,"Non-Hispanic White",0,"High school",1,5,"Born in 50 US states or Washington, DC",2
1,0,2,46,"Non-Hispanic Black",0,"Some college or above",1,4.27,"Born in 50 US states or Washington, DC",5
0,0,1,62,"Non-Hispanic White",0,"Some college or above",0,2.81,"Born in 50 US states or Washington, DC",1
1,0,2,57,"Non-Hispanic Black",0,"High school",0,0.74,"Born in 50 US states or Washington, DC",1
1,0,1,72,"Non-Hispanic White",0,"Some college or above",1,5,"Born in 50 US states or Washington, DC",2
0,0,1,80,"Non-Hispanic White",1,"Some college or above",1,4.56,"Born in 50 US states or Washington, DC",2
0,0,1,80,"Non-Hispanic White",1,"Some college or above",1,5,"Born in 50 US states or Washington, DC",2
0,1,2,64,"Non-Hispanic White",0,"High school",1,5,"Born in 50 US states or Washington, DC",2
1,0,1,76,"Non-Hispanic White",0,"Some college or above",0,3.91,"Born in 50 US states or Washington, DC",1
0,0,2,61,"Other Hispanic",0,"Some college or above",1,1.03,"Other",4
0,0,1,60,"Non-Hispanic White",0,"Some college or above",1,5,"Other",2
1,0,1,33,"Non-Hispanic White",0,"Some college or above",0,1.85,"Born in 50 US states or Washington, DC",3
1,0,2,80,"Non-Hispanic White",0,"Less than high school degree",0,1.71,"Other",5
0,0,1,26,"Non-Hispanic White",0,"Some college or above",0,3.02,"Born in 50 US states or Washington, DC",1
1,0,2,70,"Non-Hispanic White",0,"Some college or above",1,4.26,"Born in 50 US states or Washington, DC",2
0,1,1,39,"Other",0,"High school",0,1.47,"Born in 50 US states or Washington, DC",4
0,0,2,23,"Mexican American",0,"Some college or above",1,2.41,"Born in 50 US states or Washington, DC",3
0,0,2,38,"Non-Hispanic White",0,"High school",1,0.62,"Born in 50 US states or Washington, DC",6
0,0,2,42,"Non-Hispanic White",0,"Some college or above",1,5,"Born in 50 US states or Washington, DC",5
1,0,1,29,"Other",1,"Some college or above",1,2.17,"Born in 50 US states or Washington, DC",4
1,0,1,75,"Other Hispanic",0,"High school",0,3.77,"Born in 50 US states or Washington, DC",1
0,0,2,31,"Non-Hispanic White",0,"Some college or above",1,1.19,"Born in 50 US states or Washington, DC",6
0,0,2,68,"Non-Hispanic White",0,"Some college or above",1,5,"Born in 50 US states or Washington, DC",2
1,0,1,80,"Non-Hispanic White",0,"High school",1,3.3,"Born in 50 US states or Washington, DC",2
0,0,2,35,"Non-Hispanic White",0,"Some college or above",1,5,"Born in 50 US states or Washington, DC",4
0,0,1,80,"Non-Hispanic White",0,"Less than high school degree",1,2.58,"Born in 50 US states or Washington, DC",2
0,0,2,63,"Non-Hispanic White",0,"Some college or above",0,1.51,"Born in 50 US states or Washington, DC",1
1,0,2,69,"Non-Hispanic White",0,"Some college or above",0,1.06,"Born in 50 US states or Washington, DC",2
1,1,2,51,"Non-Hispanic White",0,"Some college or above",1,5,"Born in 50 US states or Washington, DC",1
0,0,1,33,"Non-Hispanic White",1,"Some college or above",1,5,"Born in 50 US states or Washington, DC",4
1,1,2,45,"Non-Hispanic Black",0,"High school",0,3.09,"Born in 50 US states or Washington, DC",1
0,0,1,52,"Non-Hispanic Black",0,"Some college or above",0,0.75,"Other",1
1,1,2,53,"Other",0,"Some college or above",0,0.69,"Born in 50 US states or Washington, DC",3
1,0,2,58,"Non-Hispanic White",0,"Less than high school degree",1,1.71,"Born in 50 US states or Washington, DC",2
0,0,2,37,"Mexican American",0,"Some college or above",1,5,"Born in 50 US states or Washington, DC",4
1,0,2,74,"Non-Hispanic White",0,"Some college or above",1,1.55,"Born in 50 US states or Washington, DC",2
1,0,1,33,"Other Hispanic",0,"Less than high school degree",1,1.99,"Other",5
0,0,1,56,"Non-Hispanic White",1,"Some college or above",0,4.23,"Born in 50 US states or Washington, DC",1
0,1,2,38,"Non-Hispanic White",0,"Some college or above",0,4.88,"Born in 50 US states or Washington, DC",2
1,0,2,55,"Non-Hispanic White",0,"Some college or above",1,5,"Born in 50 US states or Washington, DC",4
1,0,1,72,"Non-Hispanic Asian",0,"High school",1,1.64,"Other",2
1,0,2,44,"Non-Hispanic White",0,"Some college or above",0,4.1,"Born in 50 US states or Washington, DC",2
1,0,2,76,"Non-Hispanic White",0,"Some college or above",0,2.56,"Born in 50 US states or Washington, DC",1
0,0,2,23,"Non-Hispanic White",0,"Some college or above",0,5,"Born in 50 US states or Washington, DC",2
0,0,2,63,"Non-Hispanic White",0,"Some college or above",0,5,"Born in 50 US states or Washington, DC",1
0,0,2,53,"Non-Hispanic Black",0,"High school",0,0.71,"Other",3
0,0,2,50,"Non-Hispanic Asian",0,"Some college or above",1,5,"Other",4
0,0,2,42,"Other Hispanic",0,"Some college or above",1,4.29,"Born in 50 US states or Washington, DC",2
1,0,2,54,"Other Hispanic",0,"Some college or above",1,5,"Born in 50 US states or Washington, DC",3
1,0,2,61,"Mexican American",0,"Less than high school degree",1,1.12,"Other",2
1,0,1,71,"Non-Hispanic White",1,"Some college or above",0,5,"Born in 50 US states or Washington, DC",1
0,0,2,32,"Mexican American",0,"High school",1,0.69,"Born in 50 US states or Washington, DC",6
0,1,1,46,"Other",0,"Less than high school degree",0,0.04,"Born in 50 US states or Washington, DC",3
0,0,2,63,"Other Hispanic",0,"Some college or above",0,2.64,"Other",1
0,0,2,34,"Other Hispanic",0,"High school",1,0.61,"Other",4
0,0,2,21,"Other Hispanic",0,"Some college or above",0,0.96,"Born in 50 US states or Washington, DC",2
0,0,2,64,"Non-Hispanic White",0,"High school",1,2.16,"Born in 50 US states or Washington, DC",2
0,0,2,35,"Other Hispanic",0,"Some college or above",0,0.96,"Born in 50 US states or Washington, DC",3
0,0,1,46,"Other",0,"Some college or above",1,3.78,"Born in 50 US states or Washington, DC",4
0,0,2,44,"Mexican American",0,"Some college or above",1,3.33,"Other",4
1,1,2,34,"Non-Hispanic White",0,"Some college or above",1,0.91,"Born in 50 US states or Washington, DC",4
0,0,1,28,"Other Hispanic",0,"Some college or above",0,5,"Other",1
1,0,1,69,"Non-Hispanic White",0,"Some college or above",1,4.59,"Born in 50 US states or Washington, DC",2
0,1,1,48,"Other",0,"Some college or above",0,1.47,"Born in 50 US states or Washington, DC",1
0,0,2,67,"Non-Hispanic White",0,"Some college or above",1,3.42,"Born in 50 US states or Washington, DC",3
1,0,2,62,"Other Hispanic",0,"Less than high school degree",0,1.47,"Other",1
0,1,1,69,"Other",1,"High school",0,4.43,"Born in 50 US states or Washington, DC",1
1,0,1,50,"Non-Hispanic White",1,"Some college or above",1,5,"Born in 50 US states or Washington, DC",4
0,0,1,27,"Mexican American",0,"High school",0,1.13,"Born in 50 US states or Washington, DC",7
0,0,2,74,"Non-Hispanic White",0,"Some college or above",0,5,"Born in 50 US states or Washington, DC",1
0,0,1,33,"Non-Hispanic White",1,"Some college or above",1,5,"Born in 50 US states or Washington, DC",3
0,1,1,57,"Other Hispanic",0,"High school",0,0.04,"Other",1
0,0,2,64,"Non-Hispanic White",0,"Some college or above",0,5,"Born in 50 US states or Washington, DC",1
0,0,2,65,"Other Hispanic",0,"High school",1,2.05,"Other",2
0,0,2,31,"Other Hispanic",0,"Some college or above",1,5,"Born in 50 US states or Washington, DC",2
1,0,2,60,"Other Hispanic",0,"High school",0,0.05,"Other",5
0,0,1,46,"Non-Hispanic Black",0,"Some college or above",1,3.11,"Born in 50 US states or Washington, DC",3
1,0,1,51,"Non-Hispanic Asian",0,"Some college or above",1,5,"Other",2
1,0,2,65,"Non-Hispanic Black",0,"Some college or above",0,2.13,"Born in 50 US states or Washington, DC",1
0,0,2,40,"Non-Hispanic White",0,"Some college or above",0,3,"Born in 50 US states or Washington, DC",2
1,1,1,67,"Mexican American",1,"Some college or above",0,1.1,"Born in 50 US states or Washington, DC",1
0,1,2,60,"Non-Hispanic White",0,"Some college or above",1,2.87,"Born in 50 US states or Washington, DC",2
1,1,2,78,"Non-Hispanic White",0,"Less than high school degree",1,2.4,"Born in 50 US states or Washington, DC",2
0,0,2,33,"Non-Hispanic White",0,"Some college or above",1,2.7,"Born in 50 US states or Washington, DC",4
0,0,2,60,"Non-Hispanic White",0,"Some college or above",1,3.69,"Born in 50 US states or Washington, DC",2
0,0,2,44,"Non-Hispanic White",0,"Some college or above",0,2.47,"Born in 50 US states or Washington, DC",1
1,0,2,57,"Non-Hispanic Black",0,"Some college or above",0,1.09,"Born in 50 US states or Washington, DC",2
1,0,2,68,"Non-Hispanic White",0,"Some college or above",0,1.12,"Born in 50 US states or Washington, DC",1
0,1,2,34,"Other",0,"High school",0,2.21,"Born in 50 US states or Washington, DC",1
0,0,1,28,"Non-Hispanic Black",0,"Less than high school degree",1,0.07,"Other",6
0,0,1,66,"Non-Hispanic White",0,"Some college or above",1,4.92,"Born in 50 US states or Washington, DC",2
1,1,1,67,"Non-Hispanic White",0,"High school",0,1.92,"Born in 50 US states or Washington, DC",2
0,0,2,28,"Other Hispanic",0,"Some college or above",1,2.83,"Other",4
0,0,2,30,"Non-Hispanic White",0,"Some college or above",1,4.83,"Born in 50 US states or Washington, DC",3
0,1,1,55,"Other",1,"High school",0,0.82,"Born in 50 US states or Washington, DC",1
1,0,1,80,"Non-Hispanic Black",0,"Less than high school degree",1,2.73,"Born in 50 US states or Washington, DC",2
0,0,2,42,"Non-Hispanic White",0,"Some college or above",0,2.19,"Born in 50 US states or Washington, DC",3
1,1,2,61,"Non-Hispanic White",1,"Some college or above",0,3.83,"Born in 50 US states or Washington, DC",1
0,0,2,23,"Other",0,"Some college or above",0,1.69,"Born in 50 US states or Washington, DC",2
0,0,2,35,"Non-Hispanic Asian",0,"Less than high school degree",1,1.31,"Other",5
0,0,1,61,"Non-Hispanic White",1,"Some college or above",0,0.74,"Born in 50 US states or Washington, DC",1
0,0,1,48,"Other Hispanic",0,"Some college or above",1,5,"Other",4
0,0,1,44,"Mexican American",0,"Less than high school degree",1,2.31,"Other",3
0,0,1,27,"Non-Hispanic White",0,"Some college or above",1,5,"Born in 50 US states or Washington, DC",2
0,0,1,44,"Other Hispanic",0,"High school",1,3.62,"Other",3
0,0,2,79,"Other Hispanic",0,"High school",1,3.3,"Other",2
1,0,1,67,"Non-Hispanic White",0,"Some college or above",1,4.64,"Born in 50 US states or Washington, DC",2
1,0,2,66,"Non-Hispanic White",0,"High school",0,0.44,"Born in 50 US states or Washington, DC",1
0,0,1,55,"Non-Hispanic White",1,"Some college or above",1,5,"Born in 50 US states or Washington, DC",3
1,0,1,80,"Non-Hispanic White",1,"High school",1,2.18,"Born in 50 US states or Washington, DC",2
1,0,2,66,"Non-Hispanic White",0,"Some college or above",0,1.67,"Born in 50 US states or Washington, DC",3
0,0,1,34,"Non-Hispanic Asian",0,"Some college or above",1,5,"Other",2
1,1,1,68,"Mexican American",0,"Less than high school degree",0,0.79,"Other",1
0,0,2,51,"Non-Hispanic White",0,"Some college or above",1,5,"Born in 50 US states or Washington, DC",4
0,0,2,32,"Non-Hispanic Asian",0,"High school",0,4.46,"Born in 50 US states or Washington, DC",7
0,0,2,43,"Mexican American",0,"Some college or above",1,4.83,"Other",3
0,0,2,33,"Non-Hispanic Black",0,"Some college or above",0,1.01,"Other",3
0,0,2,46,"Non-Hispanic White",0,"Some college or above",1,1.69,"Born in 50 US states or Washington, DC",5
0,1,1,32,"Non-Hispanic White",0,"Less than high school degree",0,3.38,"Born in 50 US states or Washington, DC",3
0,1,2,69,"Non-Hispanic White",0,"Some college or above",1,4.41,"Born in 50 US states or Washington, DC",2
0,0,2,64,"Mexican American",0,"Some college or above",0,5,"Other",2
1,0,1,61,"Non-Hispanic Black",0,"High school",0,1.06,"Born in 50 US states or Washington, DC",2
0,0,1,29,"Non-Hispanic Black",0,"Some college or above",1,2.21,"Born in 50 US states or Washington, DC",2
1,0,2,40,"Non-Hispanic White",0,"High school",1,1.85,"Born in 50 US states or Washington, DC",5
0,0,1,21,"Non-Hispanic White",0,"High school",0,4.22,"Born in 50 US states or Washington, DC",6
0,0,2,49,"Non-Hispanic White",0,"Some college or above",1,5,"Born in 50 US states or Washington, DC",3
0,1,1,47,"Non-Hispanic White",1,"Some college or above",1,2.27,"Born in 50 US states or Washington, DC",4
0,0,1,24,"Non-Hispanic White",0,"Some college or above",0,1.23,"Born in 50 US states or Washington, DC",1
1,0,2,66,"Non-Hispanic White",0,"Some college or above",1,5,"Born in 50 US states or Washington, DC",2
0,0,2,33,"Other",0,"Some college or above",0,2.17,"Other",3
0,0,2,54,"Non-Hispanic White",0,"High school",0,5,"Born in 50 US states or Washington, DC",1
1,0,2,67,"Non-Hispanic Asian",0,"Some college or above",1,5,"Other",3
0,0,2,75,"Non-Hispanic White",0,"Some college or above",0,1.01,"Born in 50 US states or Washington, DC",1
0,1,1,32,"Non-Hispanic White",0,"Some college or above",0,1.86,"Born in 50 US states or Washington, DC",7
0,0,2,20,"Non-Hispanic Asian",0,"Some college or above",0,0.48,"Born in 50 US states or Washington, DC",4
1,0,2,73,"Other",0,"Some college or above",1,0.91,"Other",3
0,0,1,80,"Non-Hispanic White",0,"Some college or above",0,5,"Born in 50 US states or Washington, DC",1
0,0,1,30,"Non-Hispanic White",0,"Some college or above",0,5,"Born in 50 US states or Washington, DC",1
0,0,2,54,"Non-Hispanic White",0,"Some college or above",1,5,"Born in 50 US states or Washington, DC",2
0,0,2,63,"Non-Hispanic White",0,"Some college or above",0,1.64,"Born in 50 US states or Washington, DC",2
1,0,1,62,"Mexican American",0,"Some college or above",1,4.12,"Born in 50 US states or Washington, DC",3
0,0,1,60,"Non-Hispanic Asian",0,"Some college or above",1,4.92,"Other",2
1,0,1,74,"Non-Hispanic White",0,"Some college or above",1,0.63,"Born in 50 US states or Washington, DC",2
0,0,2,44,"Non-Hispanic White",0,"Some college or above",1,5,"Born in 50 US states or Washington, DC",2
0,0,2,29,"Non-Hispanic White",0,"Some college or above",1,1.23,"Other",2
0,1,2,51,"Non-Hispanic White",0,"High school",1,3.87,"Born in 50 US states or Washington, DC",3
1,0,1,60,"Non-Hispanic White",0,"Some college or above",0,2.21,"Born in 50 US states or Washington, DC",1
0,0,1,35,"Non-Hispanic White",0,"Some college or above",0,5,"Born in 50 US states or Washington, DC",1
0,0,2,40,"Non-Hispanic Black",0,"High school",1,1.18,"Other",6
1,0,1,34,"Non-Hispanic White",0,"Some college or above",0,0,"Born in 50 US states or Washington, DC",2
0,0,2,35,"Non-Hispanic White",0,"Some college or above",1,4.31,"Born in 50 US states or Washington, DC",2
1,0,2,80,"Non-Hispanic White",0,"Some college or above",0,3.29,"Born in 50 US states or Washington, DC",1
1,0,1,73,"Non-Hispanic White",1,"Some college or above",0,5,"Born in 50 US states or Washington, DC",2
0,0,2,63,"Non-Hispanic White",0,"Some college or above",1,5,"Born in 50 US states or Washington, DC",2
1,1,2,34,"Non-Hispanic White",0,"High school",0,0.77,"Born in 50 US states or Washington, DC",5
0,1,2,59,"Non-Hispanic White",0,"High school",0,2.48,"Born in 50 US states or Washington, DC",6
1,0,1,67,"Non-Hispanic White",0,"Some college or above",1,5,"Born in 50 US states or Washington, DC",2
0,0,1,34,"Other Hispanic",0,"High school",0,0.03,"Born in 50 US states or Washington, DC",2
0,0,1,32,"Mexican American",0,"High school",0,5,"Born in 50 US states or Washington, DC",1
1,0,1,46,"Mexican American",0,"High school",1,1.71,"Other",4
0,0,1,64,"Other Hispanic",0,"Some college or above",0,5,"Other",1
1,0,1,63,"Non-Hispanic White",0,"High school",1,1.22,"Born in 50 US states or Washington, DC",3
1,0,1,73,"Non-Hispanic White",1,"Some college or above",1,1.55,"Born in 50 US states or Washington, DC",2
0,0,2,41,"Non-Hispanic White",0,"Some college or above",1,1.54,"Born in 50 US states or Washington, DC",5
0,0,2,53,"Non-Hispanic Black",0,"Some college or above",1,5,"Born in 50 US states or Washington, DC",2
0,0,1,71,"Non-Hispanic White",0,"Some college or above",1,5,"Born in 50 US states or Washington, DC",2
0,0,2,37,"Non-Hispanic White",0,"Some college or above",1,3.33,"Born in 50 US states or Washington, DC",4
0,0,2,67,"Non-Hispanic Black",0,"Some college or above",0,0.96,"Born in 50 US states or Washington, DC",1
1,1,1,44,"Non-Hispanic White",0,"Less than high school degree",0,3.49,"Born in 50 US states or Washington, DC",1
1,0,2,62,"Non-Hispanic White",0,"Less than high school degree",1,0.68,"Born in 50 US states or Washington, DC",2
1,0,2,74,"Non-Hispanic White",0,"High school",0,1.94,"Born in 50 US states or Washington, DC",1
0,0,2,74,"Non-Hispanic White",0,"Some college or above",1,2.28,"Born in 50 US states or Washington, DC",2
1,0,2,60,"Non-Hispanic White",0,"Some college or above",1,1.38,"Born in 50 US states or Washington, DC",2
0,0,1,67,"Non-Hispanic White",0,"Some college or above",1,5,"Born in 50 US states or Washington, DC",2
0,0,2,40,"Non-Hispanic White",0,"Some college or above",1,5,"Born in 50 US states or Washington, DC",4
1,0,2,52,"Non-Hispanic Black",0,"Some college or above",0,3.04,"Born in 50 US states or Washington, DC",2
0,0,1,70,"Non-Hispanic White",0,"Some college or above",1,4.37,"Born in 50 US states or Washington, DC",2
0,0,1,35,"Other Hispanic",0,"Some college or above",1,2.02,"Born in 50 US states or Washington, DC",6
1,0,2,68,"Non-Hispanic White",0,"Some college or above",1,1.6,"Born in 50 US states or Washington, DC",4
0,0,2,26,"Non-Hispanic White",0,"Some college or above",1,3.58,"Born in 50 US states or Washington, DC",3
0,1,2,58,"Non-Hispanic White",0,"Some college or above",1,2.18,"Born in 50 US states or Washington, DC",2
1,0,1,38,"Other",0,"Less than high school degree",0,1.35,"Born in 50 US states or Washington, DC",1
1,0,2,63,"Non-Hispanic White",0,"Some college or above",1,3.17,"Born in 50 US states or Washington, DC",2
0,0,2,36,"Non-Hispanic White",0,"Some college or above",1,5,"Born in 50 US states or Washington, DC",6
0,0,1,32,"Non-Hispanic White",0,"Some college or above",1,5,"Born in 50 US states or Washington, DC",2
1,0,1,71,"Non-Hispanic Asian",0,"Some college or above",1,2.16,"Other",5
0,0,2,40,"Non-Hispanic White",0,"High school",0,4.42,"Born in 50 US states or Washington, DC",1
0,0,2,21,"Non-Hispanic White",0,"Some college or above",0,0.15,"Born in 50 US states or Washington, DC",3
1,0,2,50,"Non-Hispanic White",0,"Some college or above",1,5,"Born in 50 US states or Washington, DC",2
0,0,2,39,"Non-Hispanic Asian",0,"Some college or above",1,5,"Other",4
1,0,1,72,"Other",0,"Some college or above",1,4.31,"Born in 50 US states or Washington, DC",2
0,0,2,21,"Non-Hispanic Asian",0,"Some college or above",0,2.49,"Born in 50 US states or Washington, DC",5
1,1,2,58,"Non-Hispanic White",0,"Some college or above",0,1.85,"Born in 50 US states or Washington, DC",1
0,0,1,55,"Non-Hispanic White",0,"Some college or above",1,5,"Born in 50 US states or Washington, DC",2
1,0,2,75,"Non-Hispanic White",0,"Less than high school degree",0,0.09,"Born in 50 US states or Washington, DC",1
1,0,1,57,"Non-Hispanic White",0,"High school",1,5,"Born in 50 US states or Washington, DC",3
1,0,1,56,"Non-Hispanic White",0,"Some college or above",1,2.87,"Born in 50 US states or Washington, DC",2
1,0,2,67,"Non-Hispanic White",0,"Some college or above",1,4.37,"Born in 50 US states or Washington, DC",2
0,0,2,24,"Non-Hispanic White",0,"High school",1,0.63,"Born in 50 US states or Washington, DC",3
1,0,2,77,"Non-Hispanic White",0,"Some college or above",0,2.06,"Born in 50 US states or Washington, DC",1
0,0,2,60,"Other Hispanic",0,"Less than high school degree",1,1.14,"Other",3
1,0,1,65,"Other Hispanic",0,"High school",1,0.84,"Other",6
1,0,1,67,"Non-Hispanic White",0,"High school",1,3.3,"Born in 50 US states or Washington, DC",2
0,0,1,37,"Non-Hispanic White",0,"Some college or above",1,2.45,"Born in 50 US states or Washington, DC",4
0,0,1,66,"Non-Hispanic White",1,"Some college or above",1,2.7,"Born in 50 US states or Washington, DC",4
0,0,1,59,"Non-Hispanic Black",0,"Some college or above",0,2.39,"Other",5
0,0,1,73,"Non-Hispanic White",0,"Some college or above",1,5,"Born in 50 US states or Washington, DC",2
0,0,2,34,"Non-Hispanic White",0,"Some college or above",1,4.43,"Born in 50 US states or Washington, DC",5
0,0,2,72,"Non-Hispanic White",0,"Some college or above",1,4.82,"Born in 50 US states or Washington, DC",2
1,1,2,70,"Non-Hispanic Black",0,"High school",0,1.68,"Born in 50 US states or Washington, DC",1
1,0,2,74,"Other Hispanic",0,"Less than high school degree",0,2.87,"Other",3
0,0,1,34,"Non-Hispanic Asian",0,"Some college or above",1,5,"Other",2
0,0,1,37,"Non-Hispanic White",0,"Some college or above",0,4.27,"Born in 50 US states or Washington, DC",3
0,0,2,34,"Non-Hispanic White",0,"Some college or above",1,2.28,"Born in 50 US states or Washington, DC",3
1,0,2,46,"Other Hispanic",0,"Some college or above",1,1.42,"Other",2
0,0,2,48,"Non-Hispanic White",0,"Some college or above",0,3.5,"Other",2
0,0,2,62,"Non-Hispanic White",0,"Some college or above",1,4.23,"Born in 50 US states or Washington, DC",3
1,0,2,70,"Non-Hispanic White",0,"Some college or above",1,3.82,"Born in 50 US states or Washington, DC",2
1,0,2,56,"Non-Hispanic White",1,"High school",1,4.55,"Born in 50 US states or Washington, DC",3
0,0,2,41,"Non-Hispanic White",0,"Some college or above",1,5,"Born in 50 US states or Washington, DC",3
0,0,2,64,"Other Hispanic",0,"Less than high school degree",1,1.51,"Other",4
0,0,2,26,"Other Hispanic",0,"Less than high school degree",1,2.32,"Other",2
1,0,2,68,"Non-Hispanic White",0,"Some college or above",1,4.37,"Born in 50 US states or Washington, DC",2
1,1,2,62,"Other Hispanic",0,"High school",1,1.64,"Other",2
0,1,1,56,"Non-Hispanic White",1,"High school",0,1.2,"Born in 50 US states or Washington, DC",2
0,0,1,35,"Non-Hispanic White",0,"Some college or above",0,5,"Born in 50 US states or Washington, DC",1
1,0,2,37,"Non-Hispanic Asian",0,"Some college or above",1,1.28,"Other",3
1,1,1,71,"Non-Hispanic White",1,"Less than high school degree",1,4.29,"Born in 50 US states or Washington, DC",1
1,0,1,71,"Other",1,"Some college or above",1,5,"Born in 50 US states or Washington, DC",2
0,0,2,30,"Non-Hispanic White",0,"Some college or above",1,3.41,"Born in 50 US states or Washington, DC",5
1,0,2,46,"Mexican American",0,"Less than high school degree",1,0.58,"Other",4
0,1,2,30,"Non-Hispanic White",0,"Some college or above",0,0.87,"Born in 50 US states or Washington, DC",3
1,0,2,66,"Non-Hispanic White",0,"Some college or above",1,5,"Born in 50 US states or Washington, DC",2
1,1,2,65,"Non-Hispanic White",0,"Less than high school degree",0,0.37,"Born in 50 US states or Washington, DC",5
0,0,2,43,"Non-Hispanic White",0,"Some college or above",1,1.32,"Born in 50 US states or Washington, DC",4
0,0,2,52,"Non-Hispanic Asian",0,"Some college or above",1,5,"Other",2
0,0,2,63,"Mexican American",0,"High school",1,5,"Born in 50 US states or Washington, DC",2
0,0,2,62,"Other Hispanic",0,"Some college or above",1,2.83,"Born in 50 US states or Washington, DC",4
1,1,2,57,"Non-Hispanic White",0,"Some college or above",0,0.68,"Born in 50 US states or Washington, DC",3
1,0,2,67,"Non-Hispanic Asian",0,"Some college or above",1,5,"Other",2
0,0,1,59,"Other Hispanic",0,"Some college or above",1,5,"Born in 50 US states or Washington, DC",2
1,0,2,73,"Non-Hispanic White",0,"Some college or above",1,5,"Born in 50 US states or Washington, DC",2
1,0,2,80,"Other Hispanic",0,"Less than high school degree",0,0.05,"Other",5
1,0,2,60,"Non-Hispanic White",0,"High school",0,1.71,"Born in 50 US states or Washington, DC",1
0,0,1,61,"Other",0,"Some college or above",0,3.09,"Born in 50 US states or Washington, DC",1
1,0,2,79,"Non-Hispanic Black",0,"Some college or above",1,3.28,"Born in 50 US states or Washington, DC",2
0,0,2,33,"Non-Hispanic Black",0,"Some college or above",0,2.46,"Born in 50 US states or Washington, DC",2
0,0,1,24,"Non-Hispanic White",0,"Some college or above",1,5,"Born in 50 US states or Washington, DC",2
1,0,1,37,"Non-Hispanic White",0,"Some college or above",1,5,"Born in 50 US states or Washington, DC",2
0,0,2,37,"Non-Hispanic White",0,"Some college or above",0,5,"Born in 50 US states or Washington, DC",1
1,0,1,61,"Other Hispanic",0,"Less than high school degree",1,0.79,"Other",4
1,1,2,68,"Non-Hispanic Black",0,"Some college or above",0,1.14,"Born in 50 US states or Washington, DC",3
1,1,1,70,"Non-Hispanic White",0,"High school",0,2.74,"Born in 50 US states or Washington, DC",1
0,1,2,62,"Non-Hispanic White",0,"Some college or above",0,1.09,"Born in 50 US states or Washington, DC",2
0,0,2,52,"Other Hispanic",0,"Some college or above",0,3.08,"Other",3
0,1,1,32,"Non-Hispanic White",0,"Less than high school degree",1,0.87,"Born in 50 US states or Washington, DC",7
0,0,2,41,"Non-Hispanic Black",0,"Some college or above",0,2.19,"Born in 50 US states or Washington, DC",3
0,0,2,34,"Non-Hispanic White",0,"Some college or above",1,5,"Born in 50 US states or Washington, DC",2
0,0,1,33,"Non-Hispanic White",1,"Some college or above",0,0.89,"Born in 50 US states or Washington, DC",1
1,1,2,72,"Non-Hispanic Black",0,"Less than high school degree",0,0.74,"Born in 50 US states or Washington, DC",4
0,0,2,62,"Non-Hispanic White",0,"Some college or above",1,2.92,"Born in 50 US states or Washington, DC",3
0,1,2,58,"Other Hispanic",0,"Less than high school degree",1,1.16,"Other",7
0,0,2,20,"Non-Hispanic Black",0,"High school",0,0.46,"Born in 50 US states or Washington, DC",4
1,0,1,63,"Non-Hispanic White",0,"Less than high school degree",0,2.48,"Born in 50 US states or Washington, DC",2
1,0,2,69,"Non-Hispanic White",0,"High school",1,0.73,"Born in 50 US states or Washington, DC",2
1,0,2,80,"Non-Hispanic Asian",0,"Less than high school degree",0,0.05,"Other",2
0,0,1,61,"Other Hispanic",0,"High school",0,3.11,"Other",1
0,0,1,23,"Other Hispanic",0,"Some college or above",0,5,"Other",4
1,0,1,58,"Other Hispanic",0,"Some college or above",0,5,"Other",2
0,0,2,48,"Non-Hispanic White",0,"Some college or above",1,5,"Born in 50 US states or Washington, DC",2
0,0,2,39,"Non-Hispanic White",0,"Some college or above",1,3.3,"Born in 50 US states or Washington, DC",4
0,0,2,41,"Non-Hispanic White",0,"Some college or above",1,2.31,"Born in 50 US states or Washington, DC",5
1,0,1,26,"Non-Hispanic White",0,"Some college or above",0,5,"Born in 50 US states or Washington, DC",2
0,0,1,59,"Non-Hispanic White",0,"High school",1,5,"Born in 50 US states or Washington, DC",3
1,0,1,57,"Non-Hispanic White",0,"Less than high school degree",0,0.7,"Born in 50 US states or Washington, DC",3
1,0,1,57,"Non-Hispanic Black",1,"Less than high school degree",0,1.77,"Born in 50 US states or Washington, DC",1
0,0,2,31,"Other",0,"Some college or above",0,1.53,"Born in 50 US states or Washington, DC",2
1,1,1,57,"Other",0,"Less than high school degree",0,0.43,"Born in 50 US states or Washington, DC",1
1,0,2,56,"Non-Hispanic Black",0,"Less than high school degree",0,2.34,"Born in 50 US states or Washington, DC",3
0,0,1,36,"Non-Hispanic White",0,"Some college or above",0,5,"Born in 50 US states or Washington, DC",1
0,0,2,40,"Other",0,"Some college or above",0,3.28,"Born in 50 US states or Washington, DC",2
0,0,2,58,"Non-Hispanic White",0,"Some college or above",1,5,"Born in 50 US states or Washington, DC",2
1,0,1,69,"Non-Hispanic White",1,"Some college or above",1,3.06,"Born in 50 US states or Washington, DC",5
1,0,2,80,"Other Hispanic",0,"Less than high school degree",1,1.81,"Other",2
0,1,1,49,"Other",0,"Some college or above",0,3.82,"Born in 50 US states or Washington, DC",2
0,1,2,40,"Non-Hispanic Black",1,"Some college or above",0,1.84,"Born in 50 US states or Washington, DC",1
0,0,2,20,"Non-Hispanic White",0,"High school",0,1.89,"Born in 50 US states or Washington, DC",3
0,0,1,33,"Non-Hispanic White",0,"Less than high school degree",0,1.16,"Born in 50 US states or Washington, DC",2
0,0,2,54,"Non-Hispanic White",0,"Some college or above",1,5,"Born in 50 US states or Washington, DC",2
1,1,2,50,"Non-Hispanic White",0,"Some college or above",0,3.84,"Born in 50 US states or Washington, DC",1
0,0,1,27,"Non-Hispanic White",0,"Some college or above",1,3.55,"Born in 50 US states or Washington, DC",2
1,0,2,38,"Other Hispanic",0,"Less than high school degree",1,0.92,"Other",5
0,1,2,66,"Non-Hispanic White",0,"Less than high school degree",0,0.8,"Born in 50 US states or Washington, DC",1
0,0,1,62,"Non-Hispanic White",0,"Some college or above",1,4.06,"Born in 50 US states or Washington, DC",2
0,0,1,60,"Non-Hispanic White",1,"Some college or above",1,5,"Born in 50 US states or Washington, DC",2
0,0,2,39,"Non-Hispanic White",0,"Some college or above",0,5,"Born in 50 US states or Washington, DC",1
0,0,1,40,"Non-Hispanic White",0,"Some college or above",1,5,"Born in 50 US states or Washington, DC",5
1,0,1,67,"Non-Hispanic White",0,"Some college or above",1,3.28,"Born in 50 US states or Washington, DC",2
0,0,2,29,"Other Hispanic",0,"Some college or above",0,3.49,"Other",4
1,1,2,52,"Non-Hispanic White",0,"Some college or above",0,2.61,"Born in 50 US states or Washington, DC",1
0,0,2,31,"Non-Hispanic Asian",0,"Some college or above",1,5,"Other",2
0,0,2,37,"Non-Hispanic Black",0,"Some college or above",0,2.18,"Other",2
1,0,1,60,"Non-Hispanic White",0,"Some college or above",1,5,"Born in 50 US states or Washington, DC",2
0,0,1,30,"Non-Hispanic Black",0,"Some college or above",0,4.12,"Born in 50 US states or Washington, DC",1
0,0,1,40,"Non-Hispanic White",0,"Some college or above",1,2.93,"Born in 50 US states or Washington, DC",4
0,0,2,35,"Non-Hispanic White",0,"Some college or above",0,5,"Born in 50 US states or Washington, DC",1
0,0,1,44,"Non-Hispanic Black",0,"Some college or above",1,1.48,"Born in 50 US states or Washington, DC",6
1,0,1,78,"Non-Hispanic White",1,"Some college or above",1,5,"Born in 50 US states or Washington, DC",2
0,0,2,66,"Non-Hispanic White",0,"Some college or above",1,3.04,"Other",2
0,0,1,37,"Non-Hispanic White",0,"Some college or above",1,3.27,"Born in 50 US states or Washington, DC",5
0,0,1,69,"Non-Hispanic White",0,"Some college or above",0,0.88,"Born in 50 US states or Washington, DC",4
1,0,1,64,"Other Hispanic",0,"Some college or above",1,1.03,"Other",4
0,0,2,48,"Non-Hispanic Black",0,"Some college or above",0,3,"Born in 50 US states or Washington, DC",4
0,0,1,32,"Non-Hispanic White",0,"Some college or above",1,5,"Born in 50 US states or Washington, DC",4
1,0,2,62,"Other Hispanic",0,"High school",0,0.55,"Other",2
1,0,2,75,"Non-Hispanic Black",0,"Less than high school degree",0,1.31,"Born in 50 US states or Washington, DC",2
0,1,2,38,"Non-Hispanic White",0,"Some college or above",1,1.09,"Born in 50 US states or Washington, DC",3
1,0,1,58,"Non-Hispanic White",1,"Some college or above",0,0.82,"Born in 50 US states or Washington, DC",1
0,0,1,22,"Mexican American",0,"High school",0,2.69,"Born in 50 US states or Washington, DC",6
0,1,1,59,"Non-Hispanic White",0,"Less than high school degree",0,1.71,"Born in 50 US states or Washington, DC",3
0,0,1,41,"Non-Hispanic Asian",0,"Some college or above",1,5,"Other",1
0,0,2,65,"Non-Hispanic White",0,"Some college or above",0,5,"Born in 50 US states or Washington, DC",2
1,0,1,62,"Non-Hispanic White",0,"Some college or above",1,2.92,"Born in 50 US states or Washington, DC",3
0,0,2,22,"Mexican American",0,"Some college or above",1,2.48,"Born in 50 US states or Washington, DC",5
1,0,1,80,"Other Hispanic",0,"Some college or above",1,5,"Born in 50 US states or Washington, DC",2
0,0,2,41,"Non-Hispanic White",0,"Some college or above",0,5,"Born in 50 US states or Washington, DC",1
0,0,2,53,"Non-Hispanic White",0,"Some college or above",1,5,"Born in 50 US states or Washington, DC",4
1,0,1,41,"Non-Hispanic White",0,"Some college or above",1,3.82,"Born in 50 US states or Washington, DC",2
0,0,2,46,"Non-Hispanic White",0,"Some college or above",1,4.41,"Born in 50 US states or Washington, DC",5
0,0,1,22,"Non-Hispanic Black",0,"High school",0,1.42,"Born in 50 US states or Washington, DC",5
0,0,2,26,"Non-Hispanic White",0,"Some college or above",0,5,"Born in 50 US states or Washington, DC",1
1,1,2,58,"Non-Hispanic White",1,"Some college or above",1,5,"Born in 50 US states or Washington, DC",2
0,0,2,71,"Non-Hispanic White",0,"Some college or above",1,5,"Born in 50 US states or Washington, DC",4
1,0,1,68,"Non-Hispanic Black",0,"Less than high school degree",1,4.56,"Born in 50 US states or Washington, DC",3
0,0,2,54,"Non-Hispanic White",0,"Some college or above",0,5,"Born in 50 US states or Washington, DC",1
0,0,2,29,"Non-Hispanic White",0,"Some college or above",0,3.58,"Born in 50 US states or Washington, DC",3
1,0,2,67,"Non-Hispanic White",0,"High school",0,5,"Born in 50 US states or Washington, DC",2
0,0,2,33,"Non-Hispanic White",0,"Some college or above",1,5,"Born in 50 US states or Washington, DC",4
0,1,2,39,"Non-Hispanic White",0,"Some college or above",1,3.74,"Born in 50 US states or Washington, DC",3
0,1,1,48,"Non-Hispanic Asian",0,"Some college or above",1,3,"Other",4
0,0,2,60,"Non-Hispanic White",0,"Some college or above",1,5,"Born in 50 US states or Washington, DC",2
0,0,2,20,"Other Hispanic",0,"Some college or above",0,2.19,"Other",1
1,0,1,64,"Mexican American",0,"High school",1,2.16,"Born in 50 US states or Washington, DC",5
0,0,1,67,"Non-Hispanic White",0,"Some college or above",0,1.3,"Born in 50 US states or Washington, DC",1
1,0,2,35,"Non-Hispanic White",0,"Some college or above",1,3.33,"Born in 50 US states or Washington, DC",4
1,0,1,71,"Non-Hispanic White",0,"Some college or above",1,5,"Born in 50 US states or Washington, DC",2
0,0,1,49,"Non-Hispanic White",0,"Some college or above",1,5,"Born in 50 US states or Washington, DC",4
0,1,1,36,"Other Hispanic",0,"Some college or above",0,1.97,"Other",2
0,0,1,57,"Non-Hispanic Asian",0,"Some college or above",1,1.04,"Other",3
0,0,1,53,"Non-Hispanic White",0,"High school",0,5,"Born in 50 US states or Washington, DC",1
1,1,1,72,"Non-Hispanic White",0,"Some college or above",1,2.21,"Born in 50 US states or Washington, DC",2
0,0,2,38,"Other Hispanic",0,"Less than high school degree",0,0.52,"Other",5
0,0,2,21,"Non-Hispanic White",0,"High school",1,0.79,"Born in 50 US states or Washington, DC",2
0,0,1,66,"Non-Hispanic White",0,"Some college or above",1,5,"Born in 50 US states or Washington, DC",2
0,0,2,32,"Non-Hispanic White",0,"Some college or above",0,0.96,"Born in 50 US states or Washington, DC",1
1,0,1,44,"Other",0,"Some college or above",0,5,"Born in 50 US states or Washington, DC",1
0,0,2,66,"Non-Hispanic White",0,"Some college or above",0,3.57,"Born in 50 US states or Washington, DC",1
0,0,1,58,"Other",0,"Some college or above",1,5,"Other",3
0,0,2,44,"Non-Hispanic White",0,"Some college or above",1,5,"Born in 50 US states or Washington, DC",4
0,0,2,70,"Non-Hispanic White",0,"Some college or above",0,4.56,"Born in 50 US states or Washington, DC",2
1,0,1,49,"Other Hispanic",0,"Less than high school degree",0,2.61,"Other",4
0,1,1,80,"Other",1,"Some college or above",0,0.81,"Born in 50 US states or Washington, DC",1
1,0,2,80,"Non-Hispanic White",0,"Less than high school degree",0,1.16,"Born in 50 US states or Washington, DC",2
0,0,2,72,"Other Hispanic",0,"Some college or above",0,1.55,"Other",1
0,0,1,26,"Non-Hispanic White",0,"Some college or above",0,3.15,"Other",3
0,0,1,47,"Non-Hispanic White",0,"Some college or above",1,5,"Born in 50 US states or Washington, DC",2
0,0,2,61,"Non-Hispanic White",0,"High school",0,1.1,"Born in 50 US states or Washington, DC",2
1,1,1,39,"Non-Hispanic White",0,"Less than high school degree",0,0.58,"Born in 50 US states or Washington, DC",3
0,1,1,41,"Mexican American",0,"Less than high school degree",0,1.49,"Other",6
1,0,2,66,"Other Hispanic",0,"Some college or above",1,1.44,"Other",4
1,0,1,75,"Non-Hispanic White",1,"Some college or above",1,2.73,"Born in 50 US states or Washington, DC",2
0,0,1,61,"Non-Hispanic White",0,"Some college or above",1,5,"Born in 50 US states or Washington, DC",2
0,0,2,53,"Mexican American",0,"Some college or above",0,3.47,"Born in 50 US states or Washington, DC",3
1,0,2,50,"Non-Hispanic Black",0,"Some college or above",0,5,"Born in 50 US states or Washington, DC",1
0,1,1,25,"Non-Hispanic White",0,"High school",1,1.95,"Born in 50 US states or Washington, DC",3
1,0,2,80,"Non-Hispanic White",0,"Some college or above",1,2.38,"Born in 50 US states or Washington, DC",2
1,0,2,63,"Non-Hispanic White",0,"Some college or above",0,5,"Born in 50 US states or Washington, DC",1
1,0,1,51,"Non-Hispanic Black",0,"Less than high school degree",0,0.74,"Born in 50 US states or Washington, DC",1
1,0,1,80,"Other",0,"Some college or above",1,0.68,"Other",7
0,0,2,28,"Non-Hispanic White",0,"Some college or above",1,5,"Born in 50 US states or Washington, DC",2
0,0,2,73,"Non-Hispanic Asian",0,"Some college or above",1,5,"Other",2
0,1,2,45,"Non-Hispanic White",0,"Some college or above",1,1.47,"Born in 50 US states or Washington, DC",2
0,0,2,24,"Other Hispanic",0,"Some college or above",0,3.62,"Born in 50 US states or Washington, DC",3
0,0,2,43,"Mexican American",1,"Some college or above",0,4.42,"Other",1
1,0,2,80,"Non-Hispanic Black",0,"Less than high school degree",0,0.19,"Born in 50 US states or Washington, DC",2
0,1,1,57,"Non-Hispanic White",0,"Less than high school degree",0,1.14,"Born in 50 US states or Washington, DC",1
0,0,1,73,"Non-Hispanic White",0,"Some college or above",1,5,"Born in 50 US states or Washington, DC",2
0,0,2,30,"Non-Hispanic White",0,"Some college or above",1,4.64,"Born in 50 US states or Washington, DC",2
0,0,2,27,"Non-Hispanic Asian",0,"Some college or above",1,5,"Other",2
1,0,2,80,"Non-Hispanic White",0,"Less than high school degree",0,1.29,"Born in 50 US states or Washington, DC",2
1,0,2,79,"Non-Hispanic White",0,"Some college or above",1,4.31,"Born in 50 US states or Washington, DC",2
0,0,2,40,"Non-Hispanic White",0,"Other",0,4.37,"Born in 50 US states or Washington, DC",2
0,1,2,36,"Non-Hispanic White",0,"Some college or above",1,5,"Other",3
0,0,1,21,"Non-Hispanic Asian",0,"Some college or above",0,2.15,"Born in 50 US states or Washington, DC",6
0,1,2,55,"Non-Hispanic White",0,"Some college or above",0,1.4,"Born in 50 US states or Washington, DC",1
1,0,1,69,"Non-Hispanic White",0,"Some college or above",0,3.43,"Born in 50 US states or Washington, DC",1
0,0,1,80,"Non-Hispanic White",0,"Some college or above",1,5,"Born in 50 US states or Washington, DC",2
1,0,1,67,"Other Hispanic",1,"High school",0,0.66,"Other",4
1,0,2,55,"Other Hispanic",0,"Some college or above",1,3.28,"Born in 50 US states or Washington, DC",2
0,1,2,56,"Other",1,"Some college or above",0,2.48,"Born in 50 US states or Washington, DC",1
0,1,1,74,"Other",1,"Some college or above",0,4.42,"Born in 50 US states or Washington, DC",1
0,0,2,39,"Non-Hispanic White",0,"Some college or above",1,1.46,"Born in 50 US states or Washington, DC",7
0,0,2,49,"Mexican American",0,"Less than high school degree",0,1.71,"Other",4
0,0,2,52,"Non-Hispanic White",0,"Some college or above",0,3.11,"Born in 50 US states or Washington, DC",1
1,0,2,68,"Non-Hispanic White",0,"High school",1,5,"Born in 50 US states or Washington, DC",2
0,1,2,46,"Non-Hispanic White",0,"Less than high school degree",0,1.44,"Born in 50 US states or Washington, DC",2
1,1,1,69,"Non-Hispanic White",0,"Less than high school degree",0,1.36,"Born in 50 US states or Washington, DC",1
0,0,1,77,"Non-Hispanic White",0,"High school",0,0.68,"Born in 50 US states or Washington, DC",2
1,0,2,47,"Non-Hispanic Asian",0,"Some college or above",0,3.47,"Other",3
1,0,2,41,"Non-Hispanic Black",0,"Some college or above",0,2.78,"Born in 50 US states or Washington, DC",3
1,0,2,51,"Non-Hispanic White",0,"Some college or above",1,5,"Born in 50 US states or Washington, DC",3
1,1,2,58,"Non-Hispanic Black",0,"High school",0,1.46,"Born in 50 US states or Washington, DC",1
0,0,1,21,"Non-Hispanic White",0,"High school",0,5,"Born in 50 US states or Washington, DC",4
0,0,2,55,"Other Hispanic",0,"Less than high school degree",1,0.24,"Other",7
0,0,2,80,"Non-Hispanic White",0,"High school",1,2.03,"Born in 50 US states or Washington, DC",2
1,0,2,65,"Non-Hispanic White",0,"Some college or above",1,3.28,"Born in 50 US states or Washington, DC",2
0,0,2,72,"Non-Hispanic White",0,"Some college or above",0,2.39,"Born in 50 US states or Washington, DC",1
0,0,1,21,"Non-Hispanic Asian",0,"Some college or above",0,5,"Born in 50 US states or Washington, DC",5
0,1,1,32,"Non-Hispanic White",0,"High school",0,1.31,"Born in 50 US states or Washington, DC",2
0,0,2,35,"Non-Hispanic White",0,"Some college or above",0,4.78,"Born in 50 US states or Washington, DC",1
0,0,1,34,"Non-Hispanic White",0,"High school",0,2.01,"Born in 50 US states or Washington, DC",3
0,0,2,36,"Non-Hispanic White",0,"Some college or above",1,3.36,"Born in 50 US states or Washington, DC",6
1,0,2,80,"Other Hispanic",0,"Less than high school degree",1,1.53,"Other",2
1,0,1,36,"Non-Hispanic Black",0,"Some college or above",0,1.95,"Born in 50 US states or Washington, DC",1
1,0,2,80,"Non-Hispanic Black",0,"Less than high school degree",0,2.61,"Other",3
1,0,2,52,"Non-Hispanic Black",0,"Some college or above",1,5,"Born in 50 US states or Washington, DC",4
0,0,1,39,"Other Hispanic",0,"Some college or above",1,5,"Born in 50 US states or Washington, DC",4
0,0,2,28,"Non-Hispanic Black",0,"Some college or above",0,0.74,"Born in 50 US states or Washington, DC",1
1,0,1,26,"Non-Hispanic White",0,"Some college or above",0,5,"Born in 50 US states or Washington, DC",5
0,0,1,60,"Non-Hispanic White",0,"Some college or above",1,5,"Born in 50 US states or Washington, DC",2
0,1,2,40,"Other Hispanic",0,"High school",0,0.59,"Born in 50 US states or Washington, DC",1
0,0,2,61,"Non-Hispanic Asian",0,"Some college or above",1,5,"Other",2
0,0,2,28,"Other",0,"Some college or above",1,5,"Born in 50 US states or Washington, DC",2
0,0,2,40,"Non-Hispanic White",0,"Some college or above",1,4.97,"Born in 50 US states or Washington, DC",2
1,0,1,75,"Non-Hispanic White",0,"Some college or above",1,5,"Born in 50 US states or Washington, DC",2
0,0,2,42,"Non-Hispanic Black",0,"Some college or above",0,1.52,"Born in 50 US states or Washington, DC",3
0,0,1,39,"Non-Hispanic White",0,"Some college or above",1,5,"Born in 50 US states or Washington, DC",3
1,0,1,80,"Non-Hispanic White",0,"Some college or above",0,5,"Born in 50 US states or Washington, DC",1
0,0,2,28,"Mexican American",0,"Some college or above",0,5,"Born in 50 US states or Washington, DC",4
0,1,2,71,"Non-Hispanic White",0,"High school",0,0.91,"Born in 50 US states or Washington, DC",3
0,0,2,65,"Non-Hispanic White",0,"High school",1,5,"Born in 50 US states or Washington, DC",2
0,0,2,28,"Non-Hispanic White",0,"Some college or above",1,4.43,"Born in 50 US states or Washington, DC",4
0,0,2,68,"Non-Hispanic White",0,"Some college or above",0,5,"Born in 50 US states or Washington, DC",2
1,0,2,64,"Non-Hispanic Black",0,"Some college or above",1,4.34,"Born in 50 US states or Washington, DC",3
1,0,2,28,"Non-Hispanic White",0,"Some college or above",0,4.27,"Born in 50 US states or Washington, DC",1
1,1,1,54,"Non-Hispanic Asian",0,"Some college or above",0,2.43,"Other",1
0,0,1,21,"Non-Hispanic Black",0,"High school",0,1.89,"Born in 50 US states or Washington, DC",4
1,0,1,73,"Non-Hispanic White",0,"Some college or above",0,1.03,"Born in 50 US states or Washington, DC",1
0,0,2,38,"Non-Hispanic White",0,"Less than high school degree",0,0.06,"Born in 50 US states or Washington, DC",7
1,0,2,62,"Non-Hispanic White",0,"Some college or above",1,5,"Born in 50 US states or Washington, DC",2
0,0,1,70,"Non-Hispanic White",0,"Some college or above",1,4.01,"Born in 50 US states or Washington, DC",2
0,0,2,38,"Non-Hispanic Asian",0,"Some college or above",1,5,"Other",4
1,0,2,51,"Non-Hispanic White",0,"High school",0,5,"Born in 50 US states or Washington, DC",1
1,0,1,80,"Non-Hispanic Asian",0,"Some college or above",1,3.92,"Other",3
1,0,2,67,"Non-Hispanic White",0,"Some college or above",1,4.06,"Other",2
1,0,2,39,"Other",0,"Less than high school degree",0,0.65,"Born in 50 US states or Washington, DC",3
1,0,2,80,"Non-Hispanic Asian",0,"Less than high school degree",0,0.82,"Other",1
0,0,2,59,"Non-Hispanic White",0,"Some college or above",1,5,"Born in 50 US states or Washington, DC",2
0,0,2,22,"Non-Hispanic White",0,"Some college or above",0,3.02,"Born in 50 US states or Washington, DC",2
0,0,2,54,"Other Hispanic",0,"Some college or above",1,5,"Other",2
0,0,2,68,"Non-Hispanic White",0,"Some college or above",0,3.43,"Born in 50 US states or Washington, DC",1
0,0,2,79,"Non-Hispanic White",0,"Less than high school degree",1,0.68,"Born in 50 US states or Washington, DC",7
0,0,1,29,"Non-Hispanic Asian",0,"Some college or above",1,5,"Born in 50 US states or Washington, DC",2
1,0,2,37,"Other",0,"Some college or above",1,5,"Born in 50 US states or Washington, DC",2
0,0,2,29,"Non-Hispanic White",0,"Some college or above",0,1.47,"Born in 50 US states or Washington, DC",2
0,0,2,75,"Non-Hispanic White",0,"Some college or above",0,3.88,"Born in 50 US states or Washington, DC",1
0,0,2,25,"Other Hispanic",0,"Some college or above",0,3.04,"Other",3
1,0,2,59,"Other Hispanic",0,"Less than high school degree",0,0,"Other",1
1,0,1,71,"Non-Hispanic Black",1,"High school",1,3.99,"Born in 50 US states or Washington, DC",2
1,0,1,72,"Non-Hispanic White",1,"Some college or above",1,5,"Born in 50 US states or Washington, DC",2
0,1,2,64,"Other Hispanic",0,"High school",0,0.52,"Other",7
1,1,2,59,"Non-Hispanic Black",0,"Some college or above",0,1.78,"Born in 50 US states or Washington, DC",1
1,1,2,65,"Non-Hispanic White",0,"Some college or above",0,1.71,"Born in 50 US states or Washington, DC",1
0,1,2,22,"Non-Hispanic White",0,"High school",0,5,"Born in 50 US states or Washington, DC",4
0,0,2,51,"Mexican American",0,"Some college or above",0,2.71,"Other",3
0,1,2,47,"Non-Hispanic White",0,"Some college or above",0,5,"Other",1
0,0,2,40,"Non-Hispanic White",0,"Some college or above",1,2.74,"Born in 50 US states or Washington, DC",5
1,0,2,78,"Non-Hispanic Black",0,"Some college or above",1,4.88,"Other",5
1,0,2,76,"Non-Hispanic White",0,"Some college or above",1,2.03,"Born in 50 US states or Washington, DC",2
0,0,1,37,"Other Hispanic",0,"High school",1,1.8,"Other",4
1,1,2,34,"Non-Hispanic White",0,"Some college or above",1,1.25,"Born in 50 US states or Washington, DC",3
1,1,2,66,"Non-Hispanic White",0,"High school",0,2.53,"Born in 50 US states or Washington, DC",2
0,0,2,57,"Other",0,"Some college or above",1,0.79,"Born in 50 US states or Washington, DC",4
0,0,2,41,"Mexican American",0,"Some college or above",1,4.93,"Born in 50 US states or Washington, DC",5
1,0,1,72,"Non-Hispanic White",0,"Some college or above",1,5,"Born in 50 US states or Washington, DC",2
1,0,1,66,"Other Hispanic",1,"Some college or above",0,1.62,"Born in 50 US states or Washington, DC",1
0,0,2,34,"Other Hispanic",0,"Some college or above",1,2.05,"Born in 50 US states or Washington, DC",4
0,0,1,53,"Non-Hispanic White",0,"High school",0,1.52,"Born in 50 US states or Washington, DC",2
0,1,2,43,"Non-Hispanic Black",0,"Less than high school degree",1,1.06,"Born in 50 US states or Washington, DC",2
0,1,2,39,"Non-Hispanic White",0,"Less than high school degree",0,0.16,"Born in 50 US states or Washington, DC",3
0,0,1,62,"Non-Hispanic White",0,"Some college or above",1,5,"Born in 50 US states or Washington, DC",2
1,0,1,52,"Non-Hispanic White",0,"Some college or above",0,5,"Born in 50 US states or Washington, DC",1
0,0,2,61,"Non-Hispanic Black",0,"Some college or above",1,3.62,"Born in 50 US states or Washington, DC",3
0,0,1,51,"Mexican American",0,"Less than high school degree",1,1.05,"Other",7
0,0,2,45,"Other",0,"Some college or above",1,5,"Born in 50 US states or Washington, DC",2
0,0,1,57,"Other Hispanic",0,"High school",1,2.4,"Other",5
0,1,2,28,"Other Hispanic",0,"Some college or above",1,0.91,"Born in 50 US states or Washington, DC",6
1,0,1,72,"Non-Hispanic Black",0,"Some college or above",1,4.1,"Born in 50 US states or Washington, DC",2
0,0,2,61,"Non-Hispanic White",0,"Some college or above",0,3.77,"Born in 50 US states or Washington, DC",1
0,1,1,23,"Non-Hispanic White",0,"High school",1,0.27,"Born in 50 US states or Washington, DC",2
0,0,1,34,"Non-Hispanic White",0,"Some college or above",0,5,"Born in 50 US states or Washington, DC",1
1,0,2,58,"Non-Hispanic Black",0,"Some college or above",1,3.96,"Born in 50 US states or Washington, DC",2
0,0,1,39,"Non-Hispanic White",0,"Some college or above",0,5,"Born in 50 US states or Washington, DC",3
0,0,1,43,"Non-Hispanic White",0,"Some college or above",1,2.5,"Born in 50 US states or Washington, DC",4
0,0,2,60,"Non-Hispanic Asian",0,"Some college or above",1,4.32,"Other",4
0,0,1,43,"Mexican American",0,"Less than high school degree",1,1.39,"Other",3
0,0,2,68,"Non-Hispanic White",0,"Some college or above",1,5,"Born in 50 US states or Washington, DC",2
0,0,1,33,"Non-Hispanic Asian",0,"Some college or above",0,3.68,"Other",1
0,0,1,70,"Non-Hispanic White",0,"Some college or above",1,3.14,"Born in 50 US states or Washington, DC",2
1,1,1,60,"Non-Hispanic White",0,"Less than high school degree",0,0.79,"Born in 50 US states or Washington, DC",2
0,0,2,42,"Non-Hispanic Asian",0,"Less than high school degree",0,3.04,"Other",3
1,0,2,65,"Non-Hispanic White",0,"Some college or above",1,2.29,"Born in 50 US states or Washington, DC",2
0,0,2,24,"Non-Hispanic White",0,"Some college or above",0,1.84,"Born in 50 US states or Washington, DC",1
0,0,2,33,"Other Hispanic",0,"Some college or above",0,5,"Born in 50 US states or Washington, DC",2
0,0,2,22,"Non-Hispanic White",0,"Some college or above",0,2.3,"Born in 50 US states or Washington, DC",2
1,0,2,70,"Non-Hispanic White",0,"Some college or above",1,5,"Born in 50 US states or Washington, DC",2
1,0,1,80,"Non-Hispanic White",0,"Some college or above",1,4.61,"Born in 50 US states or Washington, DC",2
1,0,2,65,"Non-Hispanic White",1,"Some college or above",1,3.44,"Born in 50 US states or Washington, DC",2
1,1,2,65,"Non-Hispanic White",0,"High school",1,1.58,"Born in 50 US states or Washington, DC",2
0,0,1,27,"Non-Hispanic White",0,"Some college or above",1,2.39,"Born in 50 US states or Washington, DC",3
1,1,1,66,"Non-Hispanic Black",0,"High school",1,1.16,"Born in 50 US states or Washington, DC",5
0,1,1,41,"Non-Hispanic Black",1,"Some college or above",0,0,"Born in 50 US states or Washington, DC",1
1,0,1,63,"Non-Hispanic White",0,"Some college or above",1,3.75,"Born in 50 US states or Washington, DC",2
1,0,2,66,"Non-Hispanic Black",0,"Less than high school degree",0,1.71,"Other",6
1,0,2,70,"Non-Hispanic White",0,"Some college or above",1,2.76,"Born in 50 US states or Washington, DC",2
0,0,2,41,"Non-Hispanic White",0,"Some college or above",1,2.74,"Born in 50 US states or Washington, DC",5
0,0,1,33,"Non-Hispanic Asian",0,"Some college or above",1,4.56,"Other",2
0,1,2,67,"Non-Hispanic White",0,"Some college or above",0,2.55,"Born in 50 US states or Washington, DC",3
0,1,2,40,"Non-Hispanic White",0,"Some college or above",0,3.9,"Born in 50 US states or Washington, DC",2
1,0,2,68,"Non-Hispanic White",0,"Some college or above",1,1.46,"Born in 50 US states or Washington, DC",2
1,0,1,54,"Non-Hispanic White",0,"Some college or above",1,5,"Born in 50 US states or Washington, DC",3
1,0,2,42,"Non-Hispanic White",0,"Some college or above",0,1.57,"Born in 50 US states or Washington, DC",4
0,0,1,64,"Non-Hispanic White",0,"Some college or above",1,5,"Born in 50 US states or Washington, DC",2
0,0,2,43,"Non-Hispanic White",0,"High school",0,0.77,"Born in 50 US states or Washington, DC",4
1,1,1,69,"Non-Hispanic White",0,"High school",0,3.73,"Born in 50 US states or Washington, DC",1
0,0,1,40,"Mexican American",0,"Less than high school degree",1,0.04,"Other",3
0,0,2,27,"Non-Hispanic White",0,"Some college or above",1,5,"Born in 50 US states or Washington, DC",2
1,0,2,51,"Non-Hispanic Black",0,"Some college or above",0,2.94,"Born in 50 US states or Washington, DC",1
0,0,2,61,"Non-Hispanic Black",0,"Some college or above",0,4.12,"Born in 50 US states or Washington, DC",3
0,0,2,61,"Mexican American",0,"Some college or above",0,5,"Other",1
0,0,2,49,"Other",0,"Some college or above",0,1.62,"Other",4
0,0,2,25,"Other Hispanic",0,"Some college or above",1,3.69,"Born in 50 US states or Washington, DC",4
0,1,2,53,"Other",0,"Less than high school degree",0,0.69,"Born in 50 US states or Washington, DC",1
0,1,1,49,"Mexican American",0,"Less than high school degree",1,1.46,"Other",5
1,0,1,76,"Other",1,"Some college or above",0,1.51,"Born in 50 US states or Washington, DC",1
0,1,2,34,"Non-Hispanic Black",0,"Less than high school degree",0,0,"Born in 50 US states or Washington, DC",2
0,0,2,60,"Non-Hispanic White",0,"Some college or above",1,5,"Other",2
0,0,2,61,"Non-Hispanic White",0,"High school",0,3.46,"Born in 50 US states or Washington, DC",1
0,0,2,50,"Non-Hispanic Asian",0,"High school",1,3.92,"Other",3
1,0,2,57,"Non-Hispanic White",0,"High school",1,3.02,"Born in 50 US states or Washington, DC",3
0,0,1,79,"Non-Hispanic White",1,"Some college or above",1,5,"Born in 50 US states or Washington, DC",2
0,0,2,29,"Non-Hispanic White",0,"Some college or above",1,2.3,"Born in 50 US states or Washington, DC",4
1,0,2,44,"Non-Hispanic White",0,"Some college or above",0,2.13,"Born in 50 US states or Washington, DC",2
1,0,2,55,"Other Hispanic",0,"Some college or above",0,4.42,"Born in 50 US states or Washington, DC",1
1,0,1,49,"Non-Hispanic White",1,"High school",1,3.08,"Born in 50 US states or Washington, DC",5
1,0,2,62,"Non-Hispanic White",0,"High school",1,4.44,"Born in 50 US states or Washington, DC",2
1,0,2,55,"Non-Hispanic Black",0,"Some college or above",1,1.01,"Other",3
1,0,1,59,"Mexican American",0,"Less than high school degree",0,0.66,"Other",2
0,0,2,53,"Mexican American",0,"Less than high school degree",1,1.25,"Other",4
0,0,1,73,"Non-Hispanic White",1,"Some college or above",1,5,"Born in 50 US states or Washington, DC",2
0,0,1,24,"Non-Hispanic White",0,"Some college or above",0,5,"Born in 50 US states or Washington, DC",1
0,0,2,27,"Non-Hispanic White",0,"Some college or above",1,3.77,"Born in 50 US states or Washington, DC",2
0,0,2,46,"Non-Hispanic White",0,"Some college or above",0,5,"Born in 50 US states or Washington, DC",3
0,0,2,22,"Non-Hispanic Asian",0,"High school",0,0.14,"Other",2
1,0,2,75,"Non-Hispanic White",0,"Some college or above",1,3.08,"Born in 50 US states or Washington, DC",2
0,1,1,24,"Mexican American",0,"Some college or above",0,1.77,"Born in 50 US states or Washington, DC",1
1,0,1,64,"Mexican American",0,"Less than high school degree",1,1.91,"Other",2
0,0,1,32,"Non-Hispanic White",0,"Some college or above",0,5,"Born in 50 US states or Washington, DC",3
1,0,1,47,"Non-Hispanic Black",0,"High school",0,0.52,"Born in 50 US states or Washington, DC",2
1,0,2,31,"Non-Hispanic Black",0,"Some college or above",0,0.18,"Born in 50 US states or Washington, DC",1
1,1,1,65,"Non-Hispanic White",0,"High school",1,5,"Born in 50 US states or Washington, DC",2
0,0,1,27,"Non-Hispanic Asian",0,"Less than high school degree",1,0.28,"Other",5
0,0,2,28,"Mexican American",0,"Some college or above",1,3.45,"Born in 50 US states or Washington, DC",2
1,0,1,75,"Non-Hispanic White",0,"Some college or above",1,4.48,"Born in 50 US states or Washington, DC",2
0,1,2,49,"Non-Hispanic White",0,"Less than high school degree",1,4.17,"Born in 50 US states or Washington, DC",4
0,0,1,21,"Non-Hispanic White",0,"High school",0,1.69,"Born in 50 US states or Washington, DC",1
1,0,1,47,"Mexican American",0,"High school",0,1.8,"Born in 50 US states or Washington, DC",4
0,0,2,46,"Non-Hispanic White",0,"Some college or above",1,4.32,"Born in 50 US states or Washington, DC",4
1,0,2,80,"Non-Hispanic White",0,"High school",1,1.09,"Born in 50 US states or Washington, DC",2
0,1,1,46,"Non-Hispanic White",0,"Some college or above",0,2.83,"Born in 50 US states or Washington, DC",2
1,1,1,65,"Non-Hispanic White",1,"Less than high school degree",0,1.05,"Born in 50 US states or Washington, DC",2
1,1,1,46,"Non-Hispanic Black",0,"Some college or above",0,0.76,"Born in 50 US states or Washington, DC",1
1,0,2,53,"Non-Hispanic Black",0,"Less than high school degree",0,0.79,"Born in 50 US states or Washington, DC",1
0,0,2,63,"Non-Hispanic White",0,"Some college or above",1,5,"Born in 50 US states or Washington, DC",3
1,0,2,62,"Mexican American",0,"Less than high school degree",0,0.61,"Other",5
1,0,2,68,"Mexican American",0,"Some college or above",1,5,"Born in 50 US states or Washington, DC",2
1,0,1,74,"Non-Hispanic White",1,"Some college or above",0,4.42,"Born in 50 US states or Washington, DC",1
1,0,1,49,"Non-Hispanic White",1,"Some college or above",1,2.77,"Born in 50 US states or Washington, DC",4
0,0,1,60,"Non-Hispanic White",1,"Some college or above",1,4.22,"Born in 50 US states or Washington, DC",6
0,0,1,63,"Non-Hispanic White",0,"High school",1,3.17,"Born in 50 US states or Washington, DC",4
0,0,2,32,"Mexican American",0,"Less than high school degree",1,1.15,"Other",5
1,0,1,52,"Other Hispanic",0,"Some college or above",0,3.49,"Born in 50 US states or Washington, DC",1
1,0,2,71,"Non-Hispanic Black",0,"Some college or above",0,3.28,"Born in 50 US states or Washington, DC",3
0,1,2,49,"Non-Hispanic White",0,"High school",0,1.99,"Born in 50 US states or Washington, DC",1
1,0,2,72,"Other Hispanic",0,"High school",0,1.7,"Other",1
0,0,1,62,"Non-Hispanic White",0,"High school",0,1.47,"Born in 50 US states or Washington, DC",1
0,0,2,58,"Non-Hispanic White",0,"Some college or above",1,5,"Born in 50 US states or Washington, DC",2
1,0,2,63,"Non-Hispanic Black",0,"Some college or above",0,2.87,"Born in 50 US states or Washington, DC",1
1,0,1,71,"Non-Hispanic White",0,"High school",1,3.13,"Born in 50 US states or Washington, DC",5
1,0,1,62,"Non-Hispanic White",0,"High school",1,5,"Born in 50 US states or Washington, DC",2
0,0,2,34,"Mexican American",0,"Some college or above",1,0.4,"Born in 50 US states or Washington, DC",3
1,0,1,78,"Non-Hispanic White",0,"Some college or above",0,0.96,"Born in 50 US states or Washington, DC",1
0,0,2,33,"Non-Hispanic White",0,"Some college or above",0,3.64,"Born in 50 US states or Washington, DC",1
1,1,1,51,"Non-Hispanic White",1,"Some college or above",0,1.32,"Born in 50 US states or Washington, DC",1
0,0,1,25,"Non-Hispanic White",0,"Some college or above",0,2.66,"Born in 50 US states or Washington, DC",2
0,0,1,40,"Non-Hispanic Asian",0,"Some college or above",1,5,"Other",4
1,0,2,75,"Non-Hispanic White",0,"Some college or above",1,2.13,"Born in 50 US states or Washington, DC",2
1,0,1,56,"Non-Hispanic Black",0,"High school",1,1.9,"Born in 50 US states or Washington, DC",2
1,0,2,62,"Other Hispanic",0,"Less than high school degree",0,0.74,"Other",1
1,1,2,73,"Non-Hispanic Black",0,"Some college or above",0,3.88,"Born in 50 US states or Washington, DC",3
0,0,2,63,"Non-Hispanic White",0,"High school",1,0.05,"Born in 50 US states or Washington, DC",5
0,0,1,20,"Non-Hispanic White",1,"Some college or above",0,2.88,"Other",4
0,0,2,33,"Non-Hispanic White",0,"Some college or above",0,5,"Other",2
1,1,1,62,"Non-Hispanic White",0,"Some college or above",1,4.59,"Born in 50 US states or Washington, DC",2
1,0,1,64,"Non-Hispanic White",0,"Less than high school degree",1,2.13,"Born in 50 US states or Washington, DC",2
1,1,2,61,"Non-Hispanic White",0,"Less than high school degree",0,1.16,"Born in 50 US states or Washington, DC",2
0,1,1,60,"Non-Hispanic Black",1,"Some college or above",0,0.98,"Born in 50 US states or Washington, DC",1
0,1,1,36,"Non-Hispanic White",0,"High school",1,2.41,"Born in 50 US states or Washington, DC",3
1,0,2,42,"Non-Hispanic Black",0,"High school",0,0.02,"Born in 50 US states or Washington, DC",4
0,0,1,61,"Non-Hispanic White",0,"Some college or above",1,5,"Born in 50 US states or Washington, DC",2
0,0,2,39,"Non-Hispanic Asian",0,"Some college or above",0,5,"Born in 50 US states or Washington, DC",1
1,0,2,67,"Non-Hispanic White",0,"Less than high school degree",1,4.17,"Born in 50 US states or Washington, DC",4
0,1,1,41,"Non-Hispanic White",0,"Some college or above",0,3.46,"Born in 50 US states or Washington, DC",1
0,0,2,77,"Non-Hispanic White",0,"High school",0,1.82,"Born in 50 US states or Washington, DC",1
0,0,1,73,"Non-Hispanic White",0,"Some college or above",1,5,"Born in 50 US states or Washington, DC",2
1,0,2,46,"Non-Hispanic White",0,"Some college or above",0,1.52,"Born in 50 US states or Washington, DC",3
0,1,2,40,"Other",0,"High school",0,1.85,"Born in 50 US states or Washington, DC",5
0,1,1,25,"Non-Hispanic White",0,"High school",1,0.32,"Born in 50 US states or Washington, DC",5
0,0,1,28,"Other",0,"Some college or above",0,3.09,"Other",3
1,0,1,62,"Non-Hispanic White",0,"Some college or above",1,3.04,"Born in 50 US states or Washington, DC",2
0,0,2,39,"Non-Hispanic White",0,"Some college or above",0,2.54,"Born in 50 US states or Washington, DC",2
0,0,2,31,"Non-Hispanic White",0,"Some college or above",1,2.31,"Born in 50 US states or Washington, DC",5
1,1,1,46,"Non-Hispanic White",0,"High school",0,0.1,"Born in 50 US states or Washington, DC",1
1,1,1,68,"Other Hispanic",0,"Some college or above",0,3.24,"Other",1
1,1,1,76,"Non-Hispanic White",0,"High school",1,3.64,"Born in 50 US states or Washington, DC",1
1,0,2,67,"Non-Hispanic White",0,"Less than high school degree",1,0.87,"Born in 50 US states or Washington, DC",7
1,0,1,64,"Non-Hispanic White",0,"Some college or above",1,5,"Born in 50 US states or Washington, DC",2
0,0,2,66,"Non-Hispanic White",0,"Some college or above",1,1.44,"Other",2
0,1,2,64,"Non-Hispanic Asian",0,"Less than high school degree",1,1.05,"Other",6
0,0,1,22,"Non-Hispanic White",0,"Some college or above",0,0,"Born in 50 US states or Washington, DC",1
0,1,2,60,"Non-Hispanic White",0,"Less than high school degree",0,0.1,"Born in 50 US states or Washington, DC",2
0,0,1,64,"Mexican American",1,"High school",1,5,"Born in 50 US states or Washington, DC",2
0,0,2,63,"Non-Hispanic White",0,"Some college or above",1,4.06,"Born in 50 US states or Washington, DC",2
1,0,2,53,"Non-Hispanic Asian",0,"Some college or above",1,3.42,"Other",2
0,0,2,38,"Mexican American",0,"Less than high school degree",1,0.57,"Other",5
0,0,1,60,"Non-Hispanic White",0,"Some college or above",1,1.01,"Born in 50 US states or Washington, DC",2
0,0,1,67,"Non-Hispanic White",0,"Some college or above",0,2.74,"Other",1
0,0,2,26,"Non-Hispanic Asian",0,"Some college or above",0,3.22,"Born in 50 US states or Washington, DC",7
0,1,2,38,"Non-Hispanic White",0,"Some college or above",0,3.09,"Born in 50 US states or Washington, DC",1
0,1,2,51,"Non-Hispanic Black",0,"Some college or above",0,0.96,"Born in 50 US states or Washington, DC",1
0,1,1,68,"Other",0,"Less than high school degree",0,2.04,"Born in 50 US states or Washington, DC",3
1,0,1,44,"Non-Hispanic Black",0,"Some college or above",1,2,"Born in 50 US states or Washington, DC",5
0,0,2,71,"Non-Hispanic White",0,"Some college or above",1,5,"Born in 50 US states or Washington, DC",2
0,0,2,37,"Non-Hispanic White",0,"Some college or above",0,1.55,"Born in 50 US states or Washington, DC",1
0,1,2,35,"Non-Hispanic Black",0,"High school",0,0.35,"Born in 50 US states or Washington, DC",3
0,0,1,71,"Non-Hispanic White",0,"Some college or above",1,5,"Born in 50 US states or Washington, DC",2
0,0,2,37,"Non-Hispanic White",0,"Some college or above",0,4.93,"Born in 50 US states or Washington, DC",1
1,0,2,68,"Non-Hispanic White",0,"Some college or above",1,5,"Born in 50 US states or Washington, DC",4
1,0,2,52,"Non-Hispanic Asian",0,"Some college or above",1,5,"Other",4
0,0,2,75,"Non-Hispanic White",0,"High school",1,5,"Born in 50 US states or Washington, DC",2
0,1,2,45,"Non-Hispanic White",0,"Some college or above",0,0.25,"Born in 50 US states or Washington, DC",2
0,0,2,35,"Non-Hispanic Black",0,"High school",0,0.67,"Born in 50 US states or Washington, DC",6
1,0,1,70,"Non-Hispanic White",0,"Some college or above",0,0,"Born in 50 US states or Washington, DC",1
0,0,2,22,"Mexican American",0,"High school",0,1.8,"Born in 50 US states or Washington, DC",6
0,0,2,29,"Other Hispanic",0,"High school",0,0.24,"Other",7
0,0,1,45,"Non-Hispanic White",0,"Less than high school degree",1,0.74,"Born in 50 US states or Washington, DC",2
0,0,1,40,"Non-Hispanic White",0,"Some college or above",0,1.31,"Born in 50 US states or Washington, DC",2
0,0,2,28,"Non-Hispanic White",0,"Some college or above",0,5,"Born in 50 US states or Washington, DC",2
0,1,1,27,"Non-Hispanic White",0,"High school",0,2.74,"Born in 50 US states or Washington, DC",1
0,0,2,40,"Other Hispanic",0,"High school",0,0.77,"Other",7
0,0,1,39,"Non-Hispanic Black",0,"High school",1,2.96,"Other",3
0,0,2,61,"Other",0,"Some college or above",0,3.77,"Born in 50 US states or Washington, DC",2
0,0,2,23,"Other Hispanic",0,"Some college or above",0,0.46,"Born in 50 US states or Washington, DC",7
0,1,1,64,"Other Hispanic",0,"Some college or above",1,2.62,"Other",2
0,1,1,31,"Non-Hispanic Black",0,"High school",1,3.53,"Born in 50 US states or Washington, DC",5
0,0,1,56,"Non-Hispanic White",0,"Some college or above",1,5,"Born in 50 US states or Washington, DC",2
1,0,2,76,"Other",0,"Some college or above",0,0.5,"Other",1
0,0,2,60,"Non-Hispanic White",0,"Some college or above",1,5,"Born in 50 US states or Washington, DC",2
0,0,1,25,"Non-Hispanic White",0,"Some college or above",1,1.95,"Born in 50 US states or Washington, DC",3
0,0,2,56,"Other",0,"Less than high school degree",0,0.75,"Other",1
1,0,2,46,"Other",0,"Some college or above",0,1.32,"Born in 50 US states or Washington, DC",3
0,0,2,61,"Non-Hispanic White",0,"Some college or above",0,5,"Born in 50 US states or Washington, DC",1
0,0,2,32,"Non-Hispanic White",0,"Some college or above",0,3.03,"Born in 50 US states or Washington, DC",1
0,0,2,51,"Non-Hispanic White",0,"Some college or above",1,5,"Born in 50 US states or Washington, DC",4
0,0,1,40,"Non-Hispanic White",0,"Some college or above",1,5,"Born in 50 US states or Washington, DC",5
1,0,2,74,"Non-Hispanic White",0,"Some college or above",1,4.06,"Born in 50 US states or Washington, DC",2
0,0,1,37,"Non-Hispanic White",1,"Some college or above",0,5,"Born in 50 US states or Washington, DC",1
0,0,2,22,"Non-Hispanic White",0,"Some college or above",1,2.21,"Born in 50 US states or Washington, DC",2
0,1,1,34,"Non-Hispanic White",0,"High school",1,1.74,"Born in 50 US states or Washington, DC",3
0,0,1,21,"Non-Hispanic White",0,"Some college or above",0,0.72,"Born in 50 US states or Washington, DC",2
0,0,2,69,"Non-Hispanic White",0,"Some college or above",1,2.44,"Born in 50 US states or Washington, DC",2
1,1,2,61,"Non-Hispanic White",0,"Less than high school degree",1,1.14,"Born in 50 US states or Washington, DC",2
1,0,2,46,"Non-Hispanic Black",0,"High school",0,0.87,"Other",3
1,0,2,47,"Non-Hispanic Asian",0,"Some college or above",1,2.88,"Other",2
1,0,2,29,"Non-Hispanic White",0,"Some college or above",0,5,"Born in 50 US states or Washington, DC",3
0,0,1,45,"Other Hispanic",0,"Less than high school degree",1,5,"Born in 50 US states or Washington, DC",3
1,0,2,73,"Non-Hispanic White",0,"Some college or above",0,2.65,"Born in 50 US states or Washington, DC",1
0,0,1,57,"Other Hispanic",0,"Some college or above",1,2.78,"Other",7
0,0,2,63,"Non-Hispanic Asian",0,"High school",1,4.32,"Other",4
0,0,2,41,"Non-Hispanic White",0,"Some college or above",1,2.83,"Born in 50 US states or Washington, DC",4
0,0,1,60,"Non-Hispanic White",0,"Some college or above",1,3.69,"Born in 50 US states or Washington, DC",2
1,0,2,56,"Non-Hispanic Black",0,"Some college or above",1,0.99,"Other",7
0,1,1,35,"Non-Hispanic Black",0,"Some college or above",1,0.03,"Born in 50 US states or Washington, DC",6
1,0,1,64,"Non-Hispanic Asian",0,"Some college or above",1,0.36,"Other",4
0,0,1,21,"Non-Hispanic White",0,"Some college or above",0,2.59,"Born in 50 US states or Washington, DC",2
0,0,2,21,"Mexican American",0,"High school",0,1.71,"Born in 50 US states or Washington, DC",4
1,0,2,80,"Non-Hispanic White",0,"Some college or above",0,0.84,"Other",1
0,0,2,42,"Non-Hispanic White",0,"Some college or above",1,3.87,"Born in 50 US states or Washington, DC",4
0,0,2,35,"Non-Hispanic Black",0,"Less than high school degree",0,0.3,"Born in 50 US states or Washington, DC",6
0,1,2,42,"Non-Hispanic White",0,"Some college or above",1,2.78,"Born in 50 US states or Washington, DC",3
1,0,2,76,"Non-Hispanic White",0,"Less than high school degree",0,5,"Born in 50 US states or Washington, DC",2
0,0,2,30,"Mexican American",0,"Some college or above",1,5,"Other",4
0,1,2,38,"Other",0,"High school",1,1.75,"Born in 50 US states or Washington, DC",3
0,0,1,33,"Other",0,"Some college or above",0,4.71,"Born in 50 US states or Washington, DC",1
0,0,1,41,"Other",0,"Some college or above",1,1.58,"Born in 50 US states or Washington, DC",4
1,0,2,56,"Other Hispanic",0,"Some college or above",0,0.45,"Born in 50 US states or Washington, DC",5
0,0,2,60,"Non-Hispanic Asian",0,"Some college or above",1,4.34,"Other",3
0,1,1,53,"Mexican American",0,"Less than high school degree",0,2.58,"Other",1
1,0,1,62,"Non-Hispanic White",0,"Some college or above",1,5,"Born in 50 US states or Washington, DC",2
1,0,2,71,"Non-Hispanic White",0,"Some college or above",0,0.84,"Born in 50 US states or Washington, DC",1
0,0,1,55,"Non-Hispanic White",0,"Some college or above",1,5,"Born in 50 US states or Washington, DC",4
0,0,1,68,"Non-Hispanic White",0,"Some college or above",1,5,"Born in 50 US states or Washington, DC",2
1,0,2,65,"Other",0,"Some college or above",1,5,"Born in 50 US states or Washington, DC",2
0,0,2,37,"Non-Hispanic Asian",0,"Some college or above",1,5,"Other",5
1,0,2,71,"Non-Hispanic White",0,"Some college or above",1,2.28,"Born in 50 US states or Washington, DC",2
0,0,2,25,"Other",0,"High school",0,2.85,"Born in 50 US states or Washington, DC",5
1,0,2,39,"Non-Hispanic Asian",0,"High school",1,1.32,"Other",4
0,0,2,70,"Non-Hispanic White",0,"Less than high school degree",0,1.18,"Born in 50 US states or Washington, DC",2
1,0,2,72,"Non-Hispanic White",0,"Some college or above",1,5,"Born in 50 US states or Washington, DC",2
0,0,2,39,"Non-Hispanic White",0,"High school",0,1.61,"Born in 50 US states or Washington, DC",3
0,1,1,34,"Non-Hispanic White",0,"Some college or above",0,4.42,"Born in 50 US states or Washington, DC",1
0,0,2,43,"Non-Hispanic White",0,"Some college or above",0,3.08,"Born in 50 US states or Washington, DC",5
0,0,2,30,"Mexican American",0,"Some college or above",0,0.02,"Other",4
1,1,2,54,"Non-Hispanic White",0,"Some college or above",1,3.73,"Born in 50 US states or Washington, DC",3
1,0,1,69,"Non-Hispanic White",0,"Some college or above",1,3.28,"Born in 50 US states or Washington, DC",2
1,0,1,62,"Non-Hispanic White",0,"Some college or above",1,5,"Born in 50 US states or Washington, DC",2
1,0,2,80,"Non-Hispanic White",0,"Less than high school degree",0,1.75,"Born in 50 US states or Washington, DC",2
1,0,1,69,"Non-Hispanic Asian",0,"Some college or above",1,5,"Other",2
0,0,1,21,"Non-Hispanic White",0,"Some college or above",0,1.86,"Born in 50 US states or Washington, DC",1
0,1,2,31,"Non-Hispanic White",0,"Less than high school degree",1,0.55,"Born in 50 US states or Washington, DC",3
1,0,1,69,"Other",0,"Less than high school degree",1,2.74,"Born in 50 US states or Washington, DC",3
1,0,1,31,"Non-Hispanic Black",0,"Less than high school degree",1,0.5,"Born in 50 US states or Washington, DC",5
0,0,2,43,"Non-Hispanic White",0,"Some college or above",1,4.03,"Born in 50 US states or Washington, DC",6
0,0,2,60,"Non-Hispanic White",0,"Some college or above",0,4.66,"Born in 50 US states or Washington, DC",1
0,0,1,29,"Non-Hispanic White",0,"Some college or above",1,5,"Born in 50 US states or Washington, DC",2
0,0,1,27,"Other Hispanic",0,"Some college or above",0,4.04,"Other",2
0,0,2,66,"Non-Hispanic White",0,"High school",1,4.18,"Born in 50 US states or Washington, DC",2
0,1,2,24,"Non-Hispanic White",0,"Some college or above",1,2.29,"Born in 50 US states or Washington, DC",6
1,0,1,58,"Non-Hispanic White",0,"High school",0,0.06,"Born in 50 US states or Washington, DC",1
0,0,1,31,"Non-Hispanic White",0,"Some college or above",1,5,"Born in 50 US states or Washington, DC",2
1,0,1,55,"Mexican American",1,"Some college or above",1,5,"Born in 50 US states or Washington, DC",3
0,0,2,30,"Non-Hispanic White",0,"Some college or above",0,1.71,"Born in 50 US states or Washington, DC",1
0,0,1,39,"Non-Hispanic White",0,"Some college or above",1,1.67,"Born in 50 US states or Washington, DC",4
0,0,1,22,"Non-Hispanic White",0,"Some college or above",0,5,"Born in 50 US states or Washington, DC",3
0,0,2,33,"Mexican American",0,"Some college or above",1,5,"Other",4
0,0,2,53,"Other",0,"Some college or above",0,5,"Born in 50 US states or Washington, DC",1
1,0,1,72,"Non-Hispanic White",0,"Some college or above",1,5,"Born in 50 US states or Washington, DC",2
0,0,2,62,"Non-Hispanic White",0,"Some college or above",0,2.84,"Born in 50 US states or Washington, DC",2
0,0,2,52,"Non-Hispanic White",0,"Some college or above",1,5,"Born in 50 US states or Washington, DC",2
0,0,2,80,"Non-Hispanic Asian",0,"Less than high school degree",0,5,"Other",1
0,0,1,21,"Other Hispanic",0,"High school",1,1.09,"Other",3
1,1,2,68,"Non-Hispanic White",0,"Some college or above",0,3,"Born in 50 US states or Washington, DC",2
0,0,1,33,"Other",0,"Some college or above",1,2.42,"Other",5
0,0,1,50,"Non-Hispanic Asian",0,"Some college or above",1,5,"Other",4
1,0,2,72,"Non-Hispanic Black",0,"Some college or above",0,1.4,"Other",1
0,1,1,33,"Non-Hispanic Black",0,"Some college or above",0,0.63,"Born in 50 US states or Washington, DC",3
0,0,2,27,"Other Hispanic",0,"Some college or above",0,5,"Born in 50 US states or Washington, DC",1
0,1,1,30,"Non-Hispanic White",0,"High school",1,0.31,"Born in 50 US states or Washington, DC",4
0,0,2,27,"Non-Hispanic White",0,"Some college or above",0,3.09,"Born in 50 US states or Washington, DC",1
0,0,2,31,"Non-Hispanic White",0,"Some college or above",1,2.28,"Born in 50 US states or Washington, DC",5
0,0,2,67,"Other Hispanic",0,"Some college or above",1,5,"Born in 50 US states or Washington, DC",3
1,0,2,63,"Non-Hispanic White",0,"High school",1,5,"Born in 50 US states or Washington, DC",4
1,0,1,64,"Non-Hispanic White",0,"High school",1,5,"Born in 50 US states or Washington, DC",3
0,0,2,33,"Mexican American",0,"Some college or above",1,2.31,"Born in 50 US states or Washington, DC",5
0,0,2,42,"Other",0,"High school",1,1.56,"Born in 50 US states or Washington, DC",4
0,0,1,79,"Non-Hispanic Asian",0,"Some college or above",0,1.92,"Other",1
0,0,1,38,"Non-Hispanic White",0,"Some college or above",1,1.98,"Other",4
0,0,2,48,"Non-Hispanic White",0,"Some college or above",1,5,"Born in 50 US states or Washington, DC",4
0,0,2,76,"Non-Hispanic White",0,"Some college or above",0,4.12,"Born in 50 US states or Washington, DC",1
0,0,2,37,"Mexican American",0,"Some college or above",1,5,"Born in 50 US states or Washington, DC",1
1,1,1,57,"Other",0,"Less than high school degree",1,1.95,"Other",4
0,0,2,29,"Non-Hispanic White",0,"Some college or above",1,5,"Born in 50 US states or Washington, DC",2
0,1,1,59,"Mexican American",0,"Some college or above",1,0.72,"Born in 50 US states or Washington, DC",1
0,0,1,49,"Non-Hispanic White",1,"Some college or above",0,4.34,"Born in 50 US states or Washington, DC",3
1,0,1,24,"Mexican American",0,"Some college or above",0,5,"Born in 50 US states or Washington, DC",1
1,0,2,47,"Other Hispanic",0,"Less than high school degree",0,2.68,"Other",2
0,1,1,57,"Other",0,"Some college or above",1,3.3,"Born in 50 US states or Washington, DC",2
1,1,2,55,"Non-Hispanic White",0,"Some college or above",0,3.96,"Born in 50 US states or Washington, DC",2
0,0,2,25,"Non-Hispanic White",0,"Some college or above",1,5,"Born in 50 US states or Washington, DC",2
0,0,2,22,"Other Hispanic",0,"Some college or above",0,1.4,"Born in 50 US states or Washington, DC",4
0,1,1,42,"Non-Hispanic White",0,"Some college or above",1,5,"Born in 50 US states or Washington, DC",2
0,0,2,26,"Non-Hispanic White",0,"Some college or above",1,1.94,"Born in 50 US states or Washington, DC",2
0,0,2,34,"Non-Hispanic White",0,"Some college or above",1,2.16,"Born in 50 US states or Washington, DC",5
0,0,2,24,"Other Hispanic",0,"Some college or above",0,2.73,"Other",2
0,0,2,37,"Non-Hispanic White",0,"Some college or above",1,4.25,"Born in 50 US states or Washington, DC",6
1,0,2,74,"Non-Hispanic Black",0,"Some college or above",1,1.72,"Born in 50 US states or Washington, DC",2
0,1,1,29,"Non-Hispanic White",0,"High school",1,1.49,"Born in 50 US states or Washington, DC",6
1,0,1,63,"Non-Hispanic White",0,"Some college or above",0,4.56,"Born in 50 US states or Washington, DC",1
1,0,2,80,"Non-Hispanic White",0,"Some college or above",0,4.8,"Born in 50 US states or Washington, DC",1
1,0,2,50,"Mexican American",0,"Less than high school degree",1,2.39,"Other",3
1,0,2,64,"Non-Hispanic White",0,"Some college or above",0,2.1,"Born in 50 US states or Washington, DC",1
0,0,2,68,"Mexican American",0,"Some college or above",1,5,"Born in 50 US states or Washington, DC",2
0,0,2,60,"Other Hispanic",0,"Less than high school degree",0,0.96,"Other",2
0,0,2,53,"Non-Hispanic White",0,"Some college or above",1,5,"Born in 50 US states or Washington, DC",3
0,0,1,65,"Non-Hispanic White",0,"Some college or above",1,5,"Other",2
0,0,2,38,"Non-Hispanic Black",0,"Some college or above",1,5,"Born in 50 US states or Washington, DC",3
1,0,2,68,"Non-Hispanic Black",0,"Some college or above",1,1.75,"Born in 50 US states or Washington, DC",2
0,0,2,80,"Non-Hispanic White",0,"Some college or above",1,5,"Born in 50 US states or Washington, DC",6
0,0,1,22,"Non-Hispanic Black",0,"Some college or above",0,2.39,"Born in 50 US states or Washington, DC",5
1,0,2,79,"Non-Hispanic White",0,"Some college or above",1,5,"Born in 50 US states or Washington, DC",2
1,0,2,61,"Non-Hispanic Black",0,"High school",0,0.79,"Born in 50 US states or Washington, DC",1
0,1,1,31,"Non-Hispanic White",0,"Some college or above",1,4.04,"Born in 50 US states or Washington, DC",2
0,1,2,68,"Other",0,"Some college or above",0,0.26,"Born in 50 US states or Washington, DC",1
0,1,1,53,"Non-Hispanic White",0,"Some college or above",0,1.66,"Born in 50 US states or Washington, DC",1
0,0,2,24,"Non-Hispanic White",0,"Some college or above",0,5,"Born in 50 US states or Washington, DC",1
0,0,1,36,"Non-Hispanic White",0,"Some college or above",1,5,"Born in 50 US states or Washington, DC",4
1,0,2,47,"Non-Hispanic Black",0,"Some college or above",0,5,"Born in 50 US states or Washington, DC",1
0,0,2,40,"Non-Hispanic Asian",0,"Some college or above",1,5,"Other",4
1,0,2,77,"Non-Hispanic White",0,"Some college or above",1,1.2,"Born in 50 US states or Washington, DC",2
0,0,2,64,"Non-Hispanic White",0,"Some college or above",0,3.13,"Born in 50 US states or Washington, DC",5
0,0,2,55,"Mexican American",0,"Less than high school degree",1,2.46,"Other",2
0,0,1,67,"Non-Hispanic White",0,"Some college or above",0,4.93,"Born in 50 US states or Washington, DC",1
1,0,1,55,"Non-Hispanic White",0,"Some college or above",0,5,"Born in 50 US states or Washington, DC",1
0,0,1,66,"Non-Hispanic Black",0,"Some college or above",0,2.21,"Other",1
1,0,2,65,"Other",0,"High school",0,0.87,"Born in 50 US states or Washington, DC",4
1,0,1,68,"Non-Hispanic White",0,"Some college or above",1,5,"Born in 50 US states or Washington, DC",2
0,0,2,29,"Non-Hispanic Asian",0,"Less than high school degree",1,2.36,"Other",6
0,0,2,52,"Other Hispanic",0,"Some college or above",1,1.8,"Other",4
1,0,2,53,"Non-Hispanic White",0,"Some college or above",1,5,"Born in 50 US states or Washington, DC",3
0,0,2,63,"Non-Hispanic White",0,"Some college or above",1,5,"Born in 50 US states or Washington, DC",2
0,1,1,37,"Other Hispanic",0,"Some college or above",1,1.85,"Other",5
1,0,2,64,"Non-Hispanic White",0,"High school",1,2.4,"Born in 50 US states or Washington, DC",2
0,1,2,46,"Non-Hispanic White",0,"Some college or above",0,3.09,"Born in 50 US states or Washington, DC",1
1,0,2,63,"Non-Hispanic Asian",0,"Some college or above",1,5,"Other",2
0,0,2,31,"Non-Hispanic White",0,"Some college or above",0,1.01,"Born in 50 US states or Washington, DC",3
0,0,2,24,"Non-Hispanic White",0,"Some college or above",0,1.77,"Born in 50 US states or Washington, DC",2
0,0,2,27,"Non-Hispanic Black",0,"Some college or above",0,0.3,"Born in 50 US states or Washington, DC",5
0,0,2,70,"Other",0,"Some college or above",1,5,"Other",2
0,0,2,35,"Non-Hispanic White",0,"Some college or above",1,2.56,"Born in 50 US states or Washington, DC",5
0,0,2,53,"Other Hispanic",0,"High school",1,2.78,"Other",7
1,0,1,67,"Non-Hispanic Black",0,"Some college or above",1,3.33,"Other",2
0,0,2,23,"Non-Hispanic White",0,"Some college or above",0,0.04,"Born in 50 US states or Washington, DC",3
0,0,2,41,"Non-Hispanic White",0,"High school",1,5,"Born in 50 US states or Washington, DC",4
0,0,2,67,"Non-Hispanic White",0,"High school",1,5,"Born in 50 US states or Washington, DC",2
0,0,1,63,"Non-Hispanic White",1,"Some college or above",0,3.43,"Born in 50 US states or Washington, DC",1
0,1,1,33,"Non-Hispanic Black",0,"Some college or above",1,1.41,"Born in 50 US states or Washington, DC",6
0,0,2,69,"Other Hispanic",0,"Less than high school degree",1,2.62,"Other",2
0,0,1,73,"Non-Hispanic White",0,"Some college or above",1,2.71,"Other",3
0,1,2,28,"Other",0,"High school",1,1.85,"Other",5
1,1,1,35,"Other",0,"High school",0,3.47,"Born in 50 US states or Washington, DC",5
0,0,2,25,"Non-Hispanic White",0,"Some college or above",1,3.57,"Born in 50 US states or Washington, DC",2
1,1,2,69,"Non-Hispanic White",0,"Less than high school degree",0,0.56,"Born in 50 US states or Washington, DC",3
1,0,2,69,"Non-Hispanic White",0,"High school",0,2.43,"Born in 50 US states or Washington, DC",1
0,0,2,33,"Non-Hispanic White",0,"Some college or above",1,4.54,"Born in 50 US states or Washington, DC",2
0,0,2,25,"Other Hispanic",0,"Some college or above",0,1.47,"Other",2
1,0,1,64,"Non-Hispanic White",0,"Some college or above",1,5,"Born in 50 US states or Washington, DC",2
0,0,1,33,"Non-Hispanic White",0,"Some college or above",1,5,"Born in 50 US states or Washington, DC",2
1,0,1,76,"Non-Hispanic White",1,"Some college or above",1,2.23,"Born in 50 US states or Washington, DC",2
0,0,2,29,"Non-Hispanic Black",1,"Some college or above",1,3.68,"Born in 50 US states or Washington, DC",2
0,0,2,63,"Non-Hispanic White",0,"Some college or above",1,5,"Born in 50 US states or Washington, DC",2
1,0,1,75,"Non-Hispanic White",0,"Some college or above",1,3.28,"Born in 50 US states or Washington, DC",2
1,0,1,80,"Mexican American",0,"Some college or above",1,5,"Born in 50 US states or Washington, DC",2
1,0,1,64,"Non-Hispanic Black",0,"High school",1,2.46,"Born in 50 US states or Washington, DC",6
1,0,1,42,"Non-Hispanic White",0,"Some college or above",1,5,"Born in 50 US states or Washington, DC",2
0,0,2,34,"Non-Hispanic White",0,"High school",0,2.33,"Born in 50 US states or Washington, DC",1
1,0,1,50,"Non-Hispanic White",0,"High school",0,5,"Born in 50 US states or Washington, DC",1
0,0,2,20,"Non-Hispanic White",0,"High school",0,4.44,"Born in 50 US states or Washington, DC",6
0,0,1,49,"Non-Hispanic White",0,"Some college or above",1,2.54,"Born in 50 US states or Washington, DC",6
0,0,1,76,"Non-Hispanic White",1,"Some college or above",1,2.87,"Born in 50 US states or Washington, DC",2
0,0,2,31,"Non-Hispanic White",0,"Some college or above",0,3.42,"Born in 50 US states or Washington, DC",4
0,0,1,22,"Non-Hispanic Black",0,"Some college or above",0,0.99,"Born in 50 US states or Washington, DC",7
1,0,2,76,"Non-Hispanic White",0,"High school",1,3.82,"Born in 50 US states or Washington, DC",2
0,0,2,31,"Non-Hispanic White",0,"Some college or above",1,5,"Born in 50 US states or Washington, DC",2
0,0,2,39,"Mexican American",0,"Less than high school degree",1,0.87,"Other",3
1,1,1,68,"Other Hispanic",0,"Less than high school degree",0,0.97,"Other",1
0,0,2,62,"Non-Hispanic White",0,"High school",0,1.53,"Born in 50 US states or Washington, DC",2
0,0,2,57,"Other",0,"Some college or above",0,2.21,"Born in 50 US states or Washington, DC",1
0,0,2,62,"Other",0,"Some college or above",0,2.25,"Born in 50 US states or Washington, DC",1
1,0,2,77,"Non-Hispanic White",0,"Some college or above",0,1.8,"Born in 50 US states or Washington, DC",1
0,0,1,38,"Non-Hispanic White",0,"Some college or above",1,2.77,"Born in 50 US states or Washington, DC",5
1,0,2,57,"Non-Hispanic White",0,"Some college or above",1,5,"Born in 50 US states or Washington, DC",3
0,0,2,59,"Non-Hispanic White",0,"Some college or above",1,5,"Born in 50 US states or Washington, DC",3
0,0,2,49,"Non-Hispanic White",0,"Some college or above",1,5,"Born in 50 US states or Washington, DC",3
0,0,1,79,"Other Hispanic",0,"Less than high school degree",1,3.28,"Other",2
0,0,2,37,"Non-Hispanic White",0,"Some college or above",1,1.17,"Born in 50 US states or Washington, DC",4
1,1,2,76,"Non-Hispanic White",0,"High school",1,4.34,"Born in 50 US states or Washington, DC",3
0,0,2,70,"Non-Hispanic White",0,"Some college or above",0,0.91,"Born in 50 US states or Washington, DC",2
1,1,2,64,"Non-Hispanic White",0,"Some college or above",0,0.71,"Born in 50 US states or Washington, DC",1
0,0,1,30,"Non-Hispanic White",0,"Some college or above",0,5,"Born in 50 US states or Washington, DC",1
0,0,2,56,"Non-Hispanic White",0,"High school",1,2.79,"Born in 50 US states or Washington, DC",2
0,0,2,24,"Non-Hispanic White",0,"Some college or above",0,2.4,"Born in 50 US states or Washington, DC",1
1,0,2,51,"Non-Hispanic White",0,"Some college or above",0,5,"Born in 50 US states or Washington, DC",2
0,0,1,61,"Non-Hispanic White",0,"Some college or above",1,5,"Born in 50 US states or Washington, DC",2
0,1,1,41,"Other",0,"High school",0,0.35,"Born in 50 US states or Washington, DC",1
0,0,2,28,"Non-Hispanic White",0,"Some college or above",1,5,"Born in 50 US states or Washington, DC",2
0,0,2,42,"Other Hispanic",0,"High school",1,4.34,"Other",3
1,1,2,47,"Non-Hispanic White",0,"Some college or above",0,2.48,"Born in 50 US states or Washington, DC",6
0,0,1,47,"Mexican American",0,"High school",1,3.6,"Other",4
1,0,2,47,"Non-Hispanic Black",0,"Some college or above",0,3.13,"Other",3
0,0,2,47,"Other Hispanic",0,"Some college or above",0,1.09,"Other",2
0,0,2,35,"Non-Hispanic White",0,"Some college or above",0,1.95,"Born in 50 US states or Washington, DC",3
1,1,2,73,"Non-Hispanic White",0,"High school",0,1.2,"Born in 50 US states or Washington, DC",2
0,1,1,31,"Mexican American",0,"Less than high school degree",1,1.51,"Born in 50 US states or Washington, DC",2
0,1,2,60,"Non-Hispanic White",0,"Less than high school degree",0,0.93,"Born in 50 US states or Washington, DC",1
1,0,2,71,"Other Hispanic",0,"Some college or above",0,2.18,"Other",2
0,1,2,61,"Non-Hispanic White",0,"High school",1,0.88,"Born in 50 US states or Washington, DC",2
1,0,1,57,"Non-Hispanic Asian",0,"Some college or above",0,3.22,"Born in 50 US states or Washington, DC",1
0,0,2,57,"Mexican American",0,"Some college or above",1,5,"Other",4
1,0,1,76,"Non-Hispanic White",0,"Some college or above",0,5,"Born in 50 US states or Washington, DC",1
0,0,2,53,"Non-Hispanic Black",0,"Some college or above",0,4.86,"Born in 50 US states or Washington, DC",2
1,1,1,61,"Non-Hispanic White",0,"High school",0,1.47,"Born in 50 US states or Washington, DC",1
0,0,2,55,"Non-Hispanic White",0,"Some college or above",1,5,"Born in 50 US states or Washington, DC",2
1,0,1,65,"Non-Hispanic White",0,"Some college or above",0,2.95,"Born in 50 US states or Washington, DC",1
1,0,2,46,"Non-Hispanic Asian",0,"Some college or above",0,5,"Other",1
0,0,1,30,"Non-Hispanic White",0,"Some college or above",1,5,"Born in 50 US states or Washington, DC",2
1,0,2,56,"Other Hispanic",0,"Some college or above",0,2.87,"Other",3
0,0,2,57,"Non-Hispanic Black",0,"Less than high school degree",1,0.99,"Born in 50 US states or Washington, DC",4
0,0,2,53,"Non-Hispanic White",0,"Some college or above",1,5,"Born in 50 US states or Washington, DC",3
0,0,1,22,"Other",1,"Some college or above",0,4.05,"Born in 50 US states or Washington, DC",1
0,0,1,27,"Non-Hispanic White",0,"Some college or above",0,5,"Born in 50 US states or Washington, DC",3
0,0,2,68,"Non-Hispanic White",0,"High school",0,0.86,"Born in 50 US states or Washington, DC",1
0,0,2,36,"Non-Hispanic White",0,"Some college or above",1,1.74,"Born in 50 US states or Washington, DC",7
0,0,1,66,"Non-Hispanic White",0,"Some college or above",1,5,"Born in 50 US states or Washington, DC",2
1,0,1,60,"Non-Hispanic Black",0,"Less than high school degree",0,0.76,"Born in 50 US states or Washington, DC",2
0,0,2,49,"Non-Hispanic Asian",0,"Less than high school degree",1,2.57,"Other",4
0,0,1,33,"Non-Hispanic Asian",0,"Some college or above",1,5,"Other",3
0,0,2,23,"Non-Hispanic White",0,"Some college or above",1,1.68,"Born in 50 US states or Washington, DC",2
0,0,2,41,"Non-Hispanic White",0,"Some college or above",1,4.5,"Born in 50 US states or Washington, DC",4
0,0,1,27,"Non-Hispanic White",0,"Some college or above",1,5,"Born in 50 US states or Washington, DC",2
1,1,2,59,"Non-Hispanic Black",0,"High school",0,1.64,"Born in 50 US states or Washington, DC",3
0,0,1,57,"Non-Hispanic White",0,"Some college or above",1,5,"Born in 50 US states or Washington, DC",2
0,0,2,65,"Non-Hispanic White",0,"Some college or above",1,5,"Born in 50 US states or Washington, DC",2
0,0,2,39,"Non-Hispanic Black",0,"Some college or above",0,1.59,"Born in 50 US states or Washington, DC",3
1,1,1,63,"Non-Hispanic White",0,"Some college or above",0,5,"Other",1
1,0,1,59,"Non-Hispanic Black",0,"Some college or above",0,0.77,"Born in 50 US states or Washington, DC",1
0,0,2,61,"Other Hispanic",0,"Less than high school degree",1,3,"Other",2
1,0,2,59,"Non-Hispanic Black",0,"High school",0,1.69,"Born in 50 US states or Washington, DC",1
1,0,2,59,"Non-Hispanic White",0,"High school",1,4.1,"Born in 50 US states or Washington, DC",2
0,0,2,65,"Non-Hispanic White",0,"Some college or above",1,4.02,"Born in 50 US states or Washington, DC",2
0,0,1,70,"Non-Hispanic Asian",0,"Some college or above",1,5,"Born in 50 US states or Washington, DC",2
1,1,2,60,"Non-Hispanic Black",0,"Less than high school degree",1,0.57,"Born in 50 US states or Washington, DC",4
0,0,2,22,"Non-Hispanic Black",0,"High school",0,1.23,"Born in 50 US states or Washington, DC",5
1,0,2,68,"Non-Hispanic White",0,"Some college or above",0,2.95,"Born in 50 US states or Washington, DC",1
0,0,1,27,"Non-Hispanic White",0,"Some college or above",1,4.8,"Born in 50 US states or Washington, DC",3
0,0,2,61,"Non-Hispanic White",0,"Some college or above",0,4.27,"Born in 50 US states or Washington, DC",5
0,0,1,31,"Non-Hispanic Asian",0,"Some college or above",0,5,"Other",1
0,0,1,27,"Other",0,"High school",0,4.34,"Born in 50 US states or Washington, DC",3
0,0,2,29,"Non-Hispanic White",0,"Some college or above",0,5,"Born in 50 US states or Washington, DC",1
1,0,1,62,"Non-Hispanic Asian",0,"Some college or above",0,0.44,"Other",1
1,0,1,67,"Other",0,"Some college or above",0,0.7,"Born in 50 US states or Washington, DC",1
1,0,1,71,"Non-Hispanic White",0,"Some college or above",1,5,"Born in 50 US states or Washington, DC",2
0,0,1,35,"Non-Hispanic White",0,"High school",0,3.76,"Born in 50 US states or Washington, DC",6
0,0,2,21,"Non-Hispanic White",0,"High school",0,1.47,"Born in 50 US states or Washington, DC",4
0,0,2,42,"Non-Hispanic White",1,"Some college or above",0,1.17,"Born in 50 US states or Washington, DC",4
0,0,1,24,"Non-Hispanic Black",0,"Some college or above",0,2.74,"Born in 50 US states or Washington, DC",1
1,0,2,63,"Non-Hispanic Black",1,"Some college or above",1,5,"Born in 50 US states or Washington, DC",2
0,1,2,65,"Non-Hispanic White",0,"High school",1,3.8,"Born in 50 US states or Washington, DC",2
1,0,2,71,"Non-Hispanic White",0,"Some college or above",1,5,"Born in 50 US states or Washington, DC",2
0,0,2,69,"Non-Hispanic White",0,"Some college or above",1,5,"Born in 50 US states or Washington, DC",2
0,0,2,57,"Non-Hispanic Asian",0,"High school",1,0,"Other",3
0,0,2,34,"Non-Hispanic Black",0,"Some college or above",1,4.1,"Born in 50 US states or Washington, DC",2
0,0,2,53,"Non-Hispanic White",0,"High school",1,0.04,"Born in 50 US states or Washington, DC",2
1,0,1,71,"Other",0,"Some college or above",1,2.81,"Born in 50 US states or Washington, DC",2
1,0,2,61,"Non-Hispanic White",0,"Some college or above",0,2.58,"Born in 50 US states or Washington, DC",1
0,1,2,43,"Non-Hispanic White",0,"Some college or above",1,3.47,"Born in 50 US states or Washington, DC",3
0,0,2,21,"Mexican American",0,"Some college or above",0,3.69,"Born in 50 US states or Washington, DC",4
0,0,1,22,"Other Hispanic",0,"High school",0,1.42,"Other",2
1,0,1,59,"Non-Hispanic White",0,"Less than high school degree",1,0.96,"Born in 50 US states or Washington, DC",7
0,1,2,47,"Non-Hispanic White",0,"High school",0,0.38,"Born in 50 US states or Washington, DC",2
1,0,1,80,"Non-Hispanic White",1,"Some college or above",1,3.82,"Born in 50 US states or Washington, DC",2
1,0,2,71,"Non-Hispanic White",0,"Some college or above",1,3.14,"Born in 50 US states or Washington, DC",2
0,0,1,59,"Other",0,"Some college or above",1,5,"Born in 50 US states or Washington, DC",4
1,1,1,72,"Non-Hispanic White",0,"Less than high school degree",1,1.27,"Other",2
0,0,2,29,"Non-Hispanic Black",0,"Some college or above",1,5,"Born in 50 US states or Washington, DC",3
0,0,1,61,"Mexican American",0,"Less than high school degree",1,3.02,"Other",3
1,0,2,75,"Non-Hispanic White",0,"Some college or above",0,0.57,"Born in 50 US states or Washington, DC",1
0,0,2,67,"Non-Hispanic White",0,"Some college or above",0,5,"Born in 50 US states or Washington, DC",1
0,0,1,36,"Non-Hispanic White",0,"Some college or above",1,4,"Born in 50 US states or Washington, DC",4
0,0,1,53,"Non-Hispanic White",0,"Some college or above",1,1.33,"Born in 50 US states or Washington, DC",4
1,0,2,70,"Non-Hispanic White",0,"Some college or above",1,4.67,"Born in 50 US states or Washington, DC",2
1,0,2,67,"Mexican American",0,"Less than high school degree",1,0.4,"Other",3
0,0,2,21,"Non-Hispanic White",0,"Some college or above",1,1.47,"Born in 50 US states or Washington, DC",2
0,1,1,40,"Non-Hispanic White",0,"High school",0,1.85,"Born in 50 US states or Washington, DC",1
0,0,2,30,"Non-Hispanic White",0,"Some college or above",0,4.44,"Born in 50 US states or Washington, DC",3
0,0,2,46,"Non-Hispanic White",0,"Some college or above",1,5,"Born in 50 US states or Washington, DC",3
0,0,1,65,"Non-Hispanic White",0,"Some college or above",1,4.92,"Born in 50 US states or Washington, DC",2
0,0,2,24,"Non-Hispanic White",0,"Some college or above",1,0.71,"Born in 50 US states or Washington, DC",2
0,0,1,38,"Mexican American",0,"Some college or above",1,4.68,"Other",4
0,0,2,65,"Non-Hispanic White",0,"Some college or above",1,5,"Born in 50 US states or Washington, DC",2
0,0,1,65,"Non-Hispanic White",0,"Some college or above",1,5,"Born in 50 US states or Washington, DC",2
1,0,2,42,"Non-Hispanic White",0,"Some college or above",1,1.37,"Born in 50 US states or Washington, DC",2
0,0,2,71,"Non-Hispanic White",0,"Some college or above",1,3.8,"Born in 50 US states or Washington, DC",2
0,0,2,36,"Non-Hispanic Asian",0,"Less than high school degree",1,1.37,"Other",6
1,0,2,65,"Non-Hispanic White",0,"Some college or above",1,5,"Born in 50 US states or Washington, DC",2
0,1,1,48,"Mexican American",0,"Less than high school degree",1,3.76,"Other",6
0,0,2,58,"Other",0,"High school",0,0.74,"Born in 50 US states or Washington, DC",5
0,1,1,35,"Other",0,"High school",1,1.98,"Born in 50 US states or Washington, DC",4
1,0,2,75,"Non-Hispanic White",0,"Some college or above",1,3.8,"Born in 50 US states or Washington, DC",2
1,0,2,56,"Non-Hispanic White",0,"Some college or above",0,5,"Born in 50 US states or Washington, DC",1
0,0,1,60,"Non-Hispanic White",0,"High school",0,5,"Born in 50 US states or Washington, DC",1
0,0,1,41,"Non-Hispanic White",0,"Some college or above",0,5,"Born in 50 US states or Washington, DC",1
1,0,2,39,"Non-Hispanic Asian",0,"Some college or above",1,3.13,"Other",5
0,0,2,41,"Other Hispanic",0,"Some college or above",1,3.69,"Born in 50 US states or Washington, DC",4
0,0,1,34,"Non-Hispanic Black",0,"Some college or above",0,5,"Other",1
0,0,2,33,"Non-Hispanic White",0,"High school",1,1.62,"Born in 50 US states or Washington, DC",5
0,0,1,72,"Non-Hispanic White",0,"Some college or above",1,2.28,"Born in 50 US states or Washington, DC",2
0,0,1,56,"Mexican American",0,"Some college or above",1,1.62,"Born in 50 US states or Washington, DC",5
1,0,1,70,"Non-Hispanic White",0,"Some college or above",1,3.28,"Born in 50 US states or Washington, DC",2
0,0,2,20,"Non-Hispanic White",0,"Some college or above",1,3.75,"Born in 50 US states or Washington, DC",2
1,1,1,58,"Non-Hispanic White",0,"High school",1,4.31,"Born in 50 US states or Washington, DC",2
1,0,2,57,"Non-Hispanic Black",0,"Some college or above",1,5,"Born in 50 US states or Washington, DC",3
0,0,1,59,"Non-Hispanic Asian",0,"Some college or above",1,2.49,"Other",5
0,0,2,53,"Non-Hispanic White",0,"Some college or above",0,5,"Born in 50 US states or Washington, DC",1
0,0,2,27,"Non-Hispanic Asian",0,"Some college or above",1,5,"Other",2
1,0,2,63,"Non-Hispanic White",0,"Some college or above",1,5,"Born in 50 US states or Washington, DC",3
1,1,1,75,"Non-Hispanic White",1,"High school",0,1.12,"Born in 50 US states or Washington, DC",1
0,0,1,44,"Other Hispanic",1,"Some college or above",1,5,"Other",2
0,0,2,79,"Non-Hispanic White",0,"Some college or above",1,5,"Born in 50 US states or Washington, DC",2
0,0,2,26,"Non-Hispanic White",0,"Some college or above",1,5,"Born in 50 US states or Washington, DC",4
0,0,2,24,"Non-Hispanic White",0,"Some college or above",0,3.68,"Born in 50 US states or Washington, DC",1
0,0,2,33,"Non-Hispanic White",0,"Some college or above",0,4.32,"Born in 50 US states or Washington, DC",4
0,0,1,33,"Non-Hispanic White",0,"Some college or above",1,1.05,"Born in 50 US states or Washington, DC",5
0,1,1,41,"Non-Hispanic White",0,"High school",1,3.42,"Born in 50 US states or Washington, DC",4
0,0,2,60,"Other",0,"Some college or above",0,2.45,"Born in 50 US states or Washington, DC",1
1,0,2,62,"Non-Hispanic White",0,"Some college or above",0,2.3,"Born in 50 US states or Washington, DC",2
0,0,2,73,"Non-Hispanic White",0,"Some college or above",1,5,"Other",2
1,0,2,52,"Non-Hispanic White",0,"Some college or above",1,5,"Born in 50 US states or Washington, DC",3
1,0,1,80,"Non-Hispanic White",0,"High school",1,2.38,"Born in 50 US states or Washington, DC",2
0,1,1,54,"Other",0,"High school",1,1.53,"Born in 50 US states or Washington, DC",2
1,1,1,72,"Other",0,"High school",0,1.51,"Born in 50 US states or Washington, DC",3
0,0,2,39,"Non-Hispanic Black",0,"High school",0,3.14,"Born in 50 US states or Washington, DC",2
0,0,1,26,"Non-Hispanic White",0,"Some college or above",1,1.01,"Born in 50 US states or Washington, DC",3
1,0,2,80,"Non-Hispanic White",0,"High school",0,5,"Born in 50 US states or Washington, DC",4
0,0,2,64,"Non-Hispanic White",0,"Some college or above",1,5,"Born in 50 US states or Washington, DC",2
1,0,2,66,"Non-Hispanic White",0,"Some college or above",1,2.43,"Born in 50 US states or Washington, DC",2
0,0,2,70,"Non-Hispanic Asian",0,"Less than high school degree",1,0.93,"Other",2
0,0,2,33,"Non-Hispanic White",0,"Some college or above",0,3.02,"Born in 50 US states or Washington, DC",3
1,0,2,72,"Other Hispanic",0,"Less than high school degree",0,0.74,"Other",1
0,0,2,32,"Non-Hispanic Asian",0,"Some college or above",1,2.33,"Born in 50 US states or Washington, DC",2
0,0,2,44,"Other",0,"Some college or above",0,2.74,"Born in 50 US states or Washington, DC",3
0,0,2,47,"Non-Hispanic Asian",0,"High school",1,5,"Other",3
0,0,1,66,"Non-Hispanic White",0,"Some college or above",1,1.67,"Born in 50 US states or Washington, DC",2
0,1,1,40,"Non-Hispanic White",0,"Some college or above",1,3.13,"Other",5
0,0,2,74,"Non-Hispanic White",0,"Some college or above",0,1.69,"Born in 50 US states or Washington, DC",1
0,1,2,46,"Non-Hispanic White",0,"Some college or above",0,1.47,"Born in 50 US states or Washington, DC",1
0,0,2,41,"Non-Hispanic White",0,"Some college or above",0,4.12,"Born in 50 US states or Washington, DC",1
0,0,1,46,"Mexican American",0,"High school",1,1.94,"Other",6
0,0,2,62,"Non-Hispanic White",0,"Some college or above",1,4.92,"Born in 50 US states or Washington, DC",2
1,0,2,60,"Non-Hispanic Black",0,"Some college or above",1,5,"Other",4
0,0,2,42,"Non-Hispanic White",0,"Some college or above",1,5,"Born in 50 US states or Washington, DC",4
1,0,1,31,"Other Hispanic",0,"Less than high school degree",0,0,"Born in 50 US states or Washington, DC",3
1,1,2,59,"Non-Hispanic White",0,"Some college or above",1,5,"Born in 50 US states or Washington, DC",2
1,0,2,68,"Non-Hispanic White",0,"Some college or above",1,3.28,"Born in 50 US states or Washington, DC",2
1,0,1,50,"Mexican American",0,"Less than high school degree",1,1.55,"Other",7
0,0,2,65,"Non-Hispanic White",0,"Some college or above",0,2.94,"Born in 50 US states or Washington, DC",1
0,0,2,67,"Non-Hispanic White",0,"Some college or above",0,1.47,"Other",1
0,1,1,31,"Non-Hispanic Black",0,"Some college or above",1,2.32,"Born in 50 US states or Washington, DC",2
0,0,1,45,"Non-Hispanic White",0,"Some college or above",1,2.46,"Born in 50 US states or Washington, DC",5
0,0,1,67,"Non-Hispanic White",0,"Some college or above",1,1.46,"Born in 50 US states or Washington, DC",2
0,1,1,63,"Non-Hispanic White",0,"High school",0,0,"Born in 50 US states or Washington, DC",2
1,0,1,53,"Other",0,"Some college or above",0,0.66,"Other",2
0,0,2,41,"Non-Hispanic White",0,"Some college or above",1,3.78,"Born in 50 US states or Washington, DC",4
0,0,1,60,"Non-Hispanic White",0,"Some college or above",1,5,"Born in 50 US states or Washington, DC",3
1,0,2,54,"Non-Hispanic Black",0,"Some college or above",1,1.03,"Born in 50 US states or Washington, DC",2
1,0,1,80,"Non-Hispanic White",1,"Some college or above",0,2.28,"Born in 50 US states or Washington, DC",1
0,0,1,26,"Non-Hispanic Black",0,"Some college or above",0,3.6,"Born in 50 US states or Washington, DC",4
1,0,1,64,"Non-Hispanic White",0,"High school",1,5,"Other",3
1,0,1,63,"Non-Hispanic White",0,"Some college or above",1,4.92,"Born in 50 US states or Washington, DC",2
0,0,2,50,"Mexican American",0,"Some college or above",1,3.69,"Other",3
0,0,2,25,"Non-Hispanic White",0,"Some college or above",0,2.47,"Born in 50 US states or Washington, DC",1
0,0,2,40,"Mexican American",0,"Less than high school degree",1,0.43,"Other",3
0,0,1,28,"Non-Hispanic White",0,"High school",0,3.43,"Born in 50 US states or Washington, DC",1
0,0,1,32,"Other Hispanic",1,"Some college or above",1,1.62,"Other",4
1,0,2,68,"Non-Hispanic White",0,"Some college or above",0,3.53,"Born in 50 US states or Washington, DC",1
0,1,1,79,"Non-Hispanic White",0,"Less than high school degree",0,1.99,"Born in 50 US states or Washington, DC",1
1,0,2,52,"Other Hispanic",0,"High school",0,1.26,"Other",2
1,1,1,66,"Non-Hispanic White",0,"Less than high school degree",1,2.43,"Born in 50 US states or Washington, DC",2
0,1,2,43,"Non-Hispanic White",0,"Less than high school degree",0,0,"Born in 50 US states or Washington, DC",1
0,1,1,62,"Non-Hispanic White",0,"High school",0,0.16,"Born in 50 US states or Washington, DC",1
0,0,1,63,"Non-Hispanic Black",1,"Some college or above",1,5,"Born in 50 US states or Washington, DC",2
1,0,2,43,"Non-Hispanic Asian",0,"Less than high school degree",1,0.58,"Other",7
1,0,2,41,"Non-Hispanic White",0,"Some college or above",0,0.06,"Born in 50 US states or Washington, DC",3
0,0,2,52,"Non-Hispanic White",0,"Some college or above",1,2.31,"Born in 50 US states or Washington, DC",5
1,0,1,80,"Non-Hispanic White",1,"High school",1,3.82,"Born in 50 US states or Washington, DC",2
0,0,1,36,"Non-Hispanic White",0,"Some college or above",1,5,"Other",3
0,0,1,61,"Non-Hispanic White",0,"Some college or above",1,5,"Born in 50 US states or Washington, DC",2
1,1,1,72,"Non-Hispanic Black",1,"Some college or above",0,1.41,"Born in 50 US states or Washington, DC",1
1,0,1,54,"Non-Hispanic White",1,"Some college or above",0,1.23,"Born in 50 US states or Washington, DC",1
1,1,1,49,"Non-Hispanic White",0,"Some college or above",0,5,"Born in 50 US states or Washington, DC",1
1,0,2,59,"Non-Hispanic Asian",0,"Less than high school degree",1,0.29,"Other",2
1,0,1,49,"Non-Hispanic Black",0,"Some college or above",1,5,"Other",4
0,0,2,27,"Non-Hispanic Black",0,"Some college or above",0,1.28,"Born in 50 US states or Washington, DC",4
1,0,2,80,"Other",0,"Some college or above",0,4.46,"Born in 50 US states or Washington, DC",1
0,0,2,55,"Mexican American",0,"Some college or above",0,0.43,"Other",3
0,1,2,60,"Non-Hispanic White",0,"High school",0,1.1,"Born in 50 US states or Washington, DC",1
1,1,1,61,"Non-Hispanic Asian",0,"Some college or above",1,2.57,"Other",4
1,0,1,62,"Non-Hispanic White",0,"High school",1,5,"Born in 50 US states or Washington, DC",3
0,0,1,42,"Non-Hispanic Black",0,"Some college or above",1,5,"Born in 50 US states or Washington, DC",4
0,0,1,46,"Non-Hispanic White",0,"Less than high school degree",0,3,"Born in 50 US states or Washington, DC",2
0,0,2,65,"Non-Hispanic Asian",0,"Some college or above",1,5,"Born in 50 US states or Washington, DC",2
0,0,2,44,"Non-Hispanic White",0,"Some college or above",1,2.85,"Born in 50 US states or Washington, DC",5
0,0,1,50,"Other",0,"High school",1,1.26,"Other",4
1,0,2,75,"Non-Hispanic Black",0,"Some college or above",0,4.42,"Born in 50 US states or Washington, DC",2
1,1,1,72,"Non-Hispanic White",1,"Some college or above",0,1.78,"Born in 50 US states or Washington, DC",1
0,0,1,61,"Non-Hispanic White",0,"Some college or above",0,5,"Born in 50 US states or Washington, DC",1
1,0,1,58,"Non-Hispanic White",1,"Some college or above",0,3.02,"Born in 50 US states or Washington, DC",3
1,0,1,70,"Non-Hispanic White",0,"Some college or above",1,1.23,"Born in 50 US states or Washington, DC",2
1,0,2,54,"Non-Hispanic Asian",0,"Less than high school degree",1,1.42,"Other",2
0,0,1,22,"Non-Hispanic Asian",0,"High school",0,0.88,"Born in 50 US states or Washington, DC",3
1,0,1,56,"Non-Hispanic White",1,"Some college or above",1,5,"Born in 50 US states or Washington, DC",2
1,1,2,59,"Non-Hispanic Asian",0,"Some college or above",0,5,"Other",5
1,1,1,80,"Non-Hispanic White",1,"High school",1,0.99,"Born in 50 US states or Washington, DC",2
0,0,1,49,"Other",0,"Some college or above",0,3.06,"Born in 50 US states or Washington, DC",4
1,1,1,65,"Other Hispanic",0,"High school",0,1.06,"Other",2
0,0,2,34,"Other Hispanic",0,"High school",1,0.75,"Born in 50 US states or Washington, DC",4
1,0,1,53,"Non-Hispanic Black",0,"High school",1,1.52,"Born in 50 US states or Washington, DC",3
0,1,1,30,"Non-Hispanic White",0,"Some college or above",0,2.35,"Born in 50 US states or Washington, DC",2
0,0,1,46,"Non-Hispanic White",0,"Some college or above",1,5,"Other",3
0,0,2,54,"Non-Hispanic White",0,"High school",0,0.03,"Born in 50 US states or Washington, DC",1
0,0,2,55,"Non-Hispanic Asian",0,"Some college or above",1,1.01,"Born in 50 US states or Washington, DC",2
0,0,2,71,"Non-Hispanic White",0,"Some college or above",1,5,"Born in 50 US states or Washington, DC",2
1,0,1,61,"Non-Hispanic White",0,"Some college or above",1,1.47,"Born in 50 US states or Washington, DC",2
1,0,1,55,"Non-Hispanic White",0,"Some college or above",1,5,"Born in 50 US states or Washington, DC",2
1,1,2,68,"Other Hispanic",0,"Less than high school degree",0,0.55,"Other",2
0,0,2,61,"Non-Hispanic White",0,"High school",1,1.52,"Born in 50 US states or Washington, DC",2
0,0,2,29,"Mexican American",0,"High school",0,1.04,"Other",3
1,0,2,79,"Non-Hispanic Asian",0,"Some college or above",0,3.7,"Other",5
0,0,2,35,"Non-Hispanic Black",0,"Some college or above",0,0.66,"Born in 50 US states or Washington, DC",2
1,0,1,52,"Non-Hispanic White",0,"Some college or above",1,2.92,"Born in 50 US states or Washington, DC",5
1,1,1,71,"Non-Hispanic White",0,"Less than high school degree",1,5,"Born in 50 US states or Washington, DC",2
0,0,2,34,"Non-Hispanic White",0,"Some college or above",1,5,"Born in 50 US states or Washington, DC",4
0,0,1,20,"Non-Hispanic White",0,"Some college or above",0,3.24,"Born in 50 US states or Washington, DC",4
0,0,2,58,"Non-Hispanic White",0,"Some college or above",1,5,"Born in 50 US states or Washington, DC",2
0,1,2,39,"Non-Hispanic White",0,"High school",0,0.26,"Born in 50 US states or Washington, DC",1
1,0,2,34,"Non-Hispanic Black",0,"High school",1,0.93,"Other",6
1,0,1,70,"Non-Hispanic White",0,"Some college or above",0,5,"Born in 50 US states or Washington, DC",1
0,0,2,59,"Non-Hispanic White",0,"Some college or above",1,5,"Born in 50 US states or Washington, DC",2
0,0,2,55,"Non-Hispanic White",1,"Some college or above",1,2.85,"Born in 50 US states or Washington, DC",1
0,0,2,30,"Other Hispanic",0,"Some college or above",0,5,"Born in 50 US states or Washington, DC",3
1,0,1,42,"Non-Hispanic White",0,"Some college or above",0,4.46,"Born in 50 US states or Washington, DC",1
1,0,2,71,"Non-Hispanic White",0,"High school",0,0.92,"Born in 50 US states or Washington, DC",1
0,0,1,37,"Other Hispanic",0,"Less than high school degree",0,0.83,"Other",4
1,0,2,54,"Non-Hispanic White",0,"Some college or above",1,5,"Born in 50 US states or Washington, DC",4
0,0,2,39,"Non-Hispanic White",0,"Some college or above",0,2.19,"Born in 50 US states or Washington, DC",1
0,0,1,55,"Non-Hispanic White",0,"High school",0,2.94,"Born in 50 US states or Washington, DC",1
1,0,2,67,"Non-Hispanic White",0,"Less than high school degree",0,0.63,"Born in 50 US states or Washington, DC",3
0,0,2,50,"Non-Hispanic White",0,"Some college or above",1,0.57,"Born in 50 US states or Washington, DC",2
0,0,1,32,"Other",0,"Some college or above",0,5,"Born in 50 US states or Washington, DC",2
0,0,1,53,"Other Hispanic",0,"High school",1,1.13,"Other",4
0,1,1,49,"Non-Hispanic White",0,"Some college or above",0,1.71,"Born in 50 US states or Washington, DC",1
0,1,2,53,"Non-Hispanic Black",0,"Some college or above",0,0.76,"Born in 50 US states or Washington, DC",3
1,0,2,55,"Non-Hispanic Black",1,"Some college or above",0,4.59,"Born in 50 US states or Washington, DC",2
1,0,2,45,"Non-Hispanic White",0,"Some college or above",1,2.5,"Born in 50 US states or Washington, DC",4
1,0,2,80,"Non-Hispanic White",0,"High school",1,1.91,"Born in 50 US states or Washington, DC",2
0,0,1,56,"Non-Hispanic Black",0,"High school",0,1.01,"Born in 50 US states or Washington, DC",1
0,1,1,53,"Non-Hispanic White",0,"Some college or above",0,1.13,"Born in 50 US states or Washington, DC",1
0,1,1,51,"Non-Hispanic White",1,"Some college or above",0,2.33,"Born in 50 US states or Washington, DC",1
0,0,2,42,"Other Hispanic",0,"High school",0,3.42,"Other",4
0,0,2,31,"Non-Hispanic White",0,"Some college or above",1,5,"Born in 50 US states or Washington, DC",2
1,0,1,48,"Non-Hispanic Asian",0,"Some college or above",0,4,"Other",4
0,0,2,67,"Non-Hispanic White",0,"Some college or above",1,5,"Born in 50 US states or Washington, DC",4
1,0,2,75,"Non-Hispanic White",0,"Some college or above",1,5,"Born in 50 US states or Washington, DC",2
0,0,2,47,"Non-Hispanic White",0,"Some college or above",1,2.86,"Born in 50 US states or Washington, DC",6
0,0,2,28,"Other",0,"Some college or above",0,4.04,"Born in 50 US states or Washington, DC",2
1,0,2,61,"Non-Hispanic Black",0,"Some college or above",1,3.6,"Born in 50 US states or Washington, DC",4
0,0,1,31,"Non-Hispanic White",1,"Some college or above",0,5,"Born in 50 US states or Washington, DC",1
1,0,2,65,"Other Hispanic",0,"Less than high school degree",0,1.85,"Other",5
1,0,1,58,"Non-Hispanic White",0,"Some college or above",0,4.46,"Born in 50 US states or Washington, DC",1
0,1,2,61,"Non-Hispanic White",0,"Some college or above",1,5,"Born in 50 US states or Washington, DC",2
1,0,1,71,"Non-Hispanic Asian",0,"Less than high school degree",1,2.18,"Other",2
0,0,1,80,"Non-Hispanic White",0,"Some college or above",1,1.91,"Born in 50 US states or Washington, DC",2
1,0,1,62,"Non-Hispanic White",0,"Some college or above",0,5,"Born in 50 US states or Washington, DC",1
1,1,1,64,"Non-Hispanic Black",0,"Less than high school degree",0,0.69,"Born in 50 US states or Washington, DC",3
0,0,1,23,"Non-Hispanic White",0,"High school",0,4.67,"Born in 50 US states or Washington, DC",4
1,1,2,61,"Non-Hispanic White",0,"Some college or above",0,1.03,"Born in 50 US states or Washington, DC",1
0,1,1,49,"Non-Hispanic Black",0,"Some college or above",0,1.31,"Born in 50 US states or Washington, DC",2
0,0,2,31,"Non-Hispanic White",0,"Some college or above",1,5,"Born in 50 US states or Washington, DC",2
1,0,2,77,"Non-Hispanic White",0,"Some college or above",0,2.86,"Born in 50 US states or Washington, DC",7
1,0,1,62,"Non-Hispanic White",1,"Some college or above",1,2.92,"Born in 50 US states or Washington, DC",5
1,1,1,45,"Non-Hispanic Black",0,"Less than high school degree",0,0.11,"Born in 50 US states or Washington, DC",1
1,0,2,66,"Non-Hispanic White",0,"Some college or above",1,3.22,"Other",2
0,0,1,55,"Non-Hispanic White",0,"Some college or above",1,5,"Born in 50 US states or Washington, DC",3
1,0,2,74,"Non-Hispanic White",0,"High school",1,2.18,"Born in 50 US states or Washington, DC",2
1,1,2,63,"Non-Hispanic White",0,"Some college or above",0,1.94,"Born in 50 US states or Washington, DC",3
1,1,2,47,"Non-Hispanic White",0,"Some college or above",0,1.52,"Born in 50 US states or Washington, DC",2
0,1,1,30,"Non-Hispanic White",0,"High school",0,1.03,"Born in 50 US states or Washington, DC",2
0,0,2,24,"Mexican American",0,"High school",0,2.85,"Born in 50 US states or Washington, DC",5
1,0,2,26,"Non-Hispanic White",0,"Some college or above",0,3.69,"Born in 50 US states or Washington, DC",4
1,0,2,30,"Non-Hispanic Black",0,"Some college or above",1,1.14,"Born in 50 US states or Washington, DC",2
0,0,1,32,"Non-Hispanic White",0,"Some college or above",1,5,"Born in 50 US states or Washington, DC",2
1,0,1,61,"Non-Hispanic White",0,"Some college or above",1,3.47,"Born in 50 US states or Washington, DC",4
0,1,2,32,"Non-Hispanic White",0,"Less than high school degree",0,0.52,"Born in 50 US states or Washington, DC",6
0,0,2,31,"Non-Hispanic Black",0,"Less than high school degree",1,0.94,"Other",4
0,0,2,56,"Mexican American",0,"High school",0,2.13,"Other",1
0,0,1,53,"Non-Hispanic Asian",0,"Some college or above",1,5,"Other",6
0,0,1,48,"Non-Hispanic Black",0,"Some college or above",1,1.85,"Other",5
0,1,2,30,"Non-Hispanic Black",0,"High school",0,0.58,"Born in 50 US states or Washington, DC",4
0,0,2,49,"Other",0,"Some college or above",0,0.51,"Born in 50 US states or Washington, DC",2
1,0,1,74,"Non-Hispanic White",1,"Some college or above",1,5,"Born in 50 US states or Washington, DC",2
0,0,1,35,"Other Hispanic",0,"High school",1,2.7,"Other",4
1,1,1,66,"Non-Hispanic Black",0,"Less than high school degree",0,2.31,"Born in 50 US states or Washington, DC",3
0,0,2,62,"Non-Hispanic White",0,"Some college or above",1,5,"Born in 50 US states or Washington, DC",2
0,0,1,59,"Non-Hispanic White",1,"Some college or above",0,3.43,"Born in 50 US states or Washington, DC",1
1,1,1,67,"Non-Hispanic Asian",0,"Some college or above",1,1.05,"Other",6
0,0,2,72,"Non-Hispanic White",0,"Some college or above",0,4.19,"Born in 50 US states or Washington, DC",1
0,0,2,58,"Non-Hispanic White",0,"Some college or above",0,5,"Born in 50 US states or Washington, DC",1
1,0,2,64,"Non-Hispanic White",0,"Some college or above",1,5,"Born in 50 US states or Washington, DC",2
0,0,2,22,"Other Hispanic",0,"Some college or above",1,1.14,"Other",3
0,0,2,56,"Non-Hispanic White",0,"Some college or above",0,4.42,"Born in 50 US states or Washington, DC",1
1,0,1,32,"Non-Hispanic Black",0,"High school",0,1.97,"Born in 50 US states or Washington, DC",2
1,0,1,61,"Non-Hispanic White",1,"Some college or above",1,5,"Born in 50 US states or Washington, DC",2
0,0,2,31,"Non-Hispanic Black",0,"Less than high school degree",1,0.05,"Born in 50 US states or Washington, DC",4
1,1,2,56,"Non-Hispanic White",0,"High school",1,3.11,"Born in 50 US states or Washington, DC",2
0,0,2,49,"Non-Hispanic Asian",0,"High school",0,2.46,"Other",2
0,1,2,52,"Non-Hispanic White",0,"Some college or above",1,5,"Other",2
0,0,1,25,"Other Hispanic",0,"High school",0,3.42,"Other",4
0,0,2,38,"Non-Hispanic White",0,"Less than high school degree",0,5,"Born in 50 US states or Washington, DC",3
1,0,2,75,"Non-Hispanic White",0,"Some college or above",0,2.73,"Born in 50 US states or Washington, DC",2
0,0,1,61,"Non-Hispanic White",1,"High school",0,5,"Born in 50 US states or Washington, DC",1
0,0,1,64,"Non-Hispanic White",0,"Some college or above",1,5,"Born in 50 US states or Washington, DC",3
1,0,1,72,"Non-Hispanic White",1,"Some college or above",0,3.77,"Born in 50 US states or Washington, DC",4
0,0,2,35,"Other",0,"Some college or above",0,0.9,"Born in 50 US states or Washington, DC",1
0,0,2,40,"Mexican American",0,"Some college or above",1,2.17,"Other",4
1,1,2,62,"Non-Hispanic White",0,"Less than high school degree",0,2.35,"Born in 50 US states or Washington, DC",1
1,0,1,20,"Mexican American",0,"High school",0,1.05,"Born in 50 US states or Washington, DC",5
0,0,1,36,"Non-Hispanic Asian",0,"Some college or above",0,5,"Born in 50 US states or Washington, DC",1
1,0,2,74,"Other Hispanic",0,"High school",0,1.08,"Other",4
0,0,1,59,"Non-Hispanic White",0,"Some college or above",1,4.13,"Born in 50 US states or Washington, DC",2
1,1,2,74,"Non-Hispanic White",0,"Some college or above",0,2.79,"Born in 50 US states or Washington, DC",2
1,1,1,64,"Mexican American",0,"Less than high school degree",1,0.66,"Other",2
1,0,2,62,"Non-Hispanic White",0,"Some college or above",1,5,"Born in 50 US states or Washington, DC",2
0,0,2,24,"Non-Hispanic Asian",0,"Some college or above",0,5,"Born in 50 US states or Washington, DC",6
1,1,2,41,"Non-Hispanic White",0,"Some college or above",1,0.74,"Born in 50 US states or Washington, DC",4
1,0,1,68,"Non-Hispanic White",0,"Some college or above",0,2.58,"Born in 50 US states or Washington, DC",1
1,0,2,68,"Non-Hispanic White",0,"Some college or above",1,3.72,"Other",6
0,0,2,26,"Non-Hispanic Black",0,"Some college or above",1,1.97,"Born in 50 US states or Washington, DC",2
0,0,2,31,"Non-Hispanic White",0,"Some college or above",1,4.37,"Born in 50 US states or Washington, DC",2
0,0,2,42,"Non-Hispanic White",0,"Some college or above",0,2.94,"Other",1
1,0,2,70,"Other Hispanic",0,"Some college or above",1,3.24,"Born in 50 US states or Washington, DC",4
0,0,2,53,"Non-Hispanic White",0,"Less than high school degree",0,1.03,"Born in 50 US states or Washington, DC",1
1,0,2,60,"Non-Hispanic Asian",0,"Some college or above",1,1.01,"Other",2
1,1,2,48,"Non-Hispanic White",0,"High school",1,2.73,"Born in 50 US states or Washington, DC",2
0,0,1,34,"Mexican American",0,"Some college or above",1,4.17,"Other",4
0,0,2,24,"Non-Hispanic Asian",0,"Some college or above",0,5,"Born in 50 US states or Washington, DC",3
1,1,1,60,"Other",0,"Less than high school degree",1,0.85,"Born in 50 US states or Washington, DC",6
0,1,2,59,"Non-Hispanic White",0,"High school",1,2.79,"Born in 50 US states or Washington, DC",2
1,0,2,39,"Non-Hispanic Black",0,"Some college or above",0,4.1,"Born in 50 US states or Washington, DC",3
0,0,2,66,"Non-Hispanic White",0,"Some college or above",0,1.13,"Born in 50 US states or Washington, DC",3
1,0,2,80,"Non-Hispanic White",0,"Some college or above",1,3.8,"Born in 50 US states or Washington, DC",2
0,1,2,37,"Non-Hispanic Black",0,"Less than high school degree",0,1.13,"Born in 50 US states or Washington, DC",5
0,0,2,23,"Non-Hispanic White",0,"Some college or above",0,2.54,"Born in 50 US states or Washington, DC",1
0,0,1,26,"Other Hispanic",0,"Less than high school degree",1,2.73,"Born in 50 US states or Washington, DC",3
0,0,1,64,"Non-Hispanic White",0,"Some college or above",1,5,"Born in 50 US states or Washington, DC",3
1,0,2,68,"Non-Hispanic White",0,"Some college or above",0,3.03,"Born in 50 US states or Washington, DC",1
1,1,2,68,"Non-Hispanic White",0,"Some college or above",1,3.06,"Born in 50 US states or Washington, DC",5
1,0,2,62,"Other",0,"Less than high school degree",0,0.88,"Born in 50 US states or Washington, DC",4
0,0,2,54,"Non-Hispanic White",0,"Some college or above",1,5,"Born in 50 US states or Washington, DC",2
1,0,2,65,"Non-Hispanic White",0,"High school",1,4.02,"Other",3
0,0,2,33,"Non-Hispanic White",0,"Some college or above",1,3.89,"Born in 50 US states or Washington, DC",4
0,0,1,61,"Non-Hispanic White",0,"Some college or above",0,0.1,"Born in 50 US states or Washington, DC",1
0,0,1,48,"Non-Hispanic White",0,"Some college or above",1,5,"Born in 50 US states or Washington, DC",5
1,0,1,71,"Non-Hispanic White",0,"Some college or above",1,2.18,"Born in 50 US states or Washington, DC",2
1,0,1,74,"Non-Hispanic White",0,"Some college or above",1,5,"Born in 50 US states or Washington, DC",2
0,0,2,26,"Non-Hispanic Black",0,"High school",0,0.18,"Born in 50 US states or Washington, DC",1
0,0,2,32,"Non-Hispanic Asian",0,"Some college or above",1,5,"Other",2
0,1,2,52,"Non-Hispanic White",0,"Some college or above",1,2.46,"Born in 50 US states or Washington, DC",2
1,1,1,58,"Non-Hispanic White",1,"High school",0,0.31,"Born in 50 US states or Washington, DC",1
0,0,1,27,"Non-Hispanic White",0,"Some college or above",1,3.57,"Born in 50 US states or Washington, DC",2
0,1,1,58,"Non-Hispanic Black",1,"Some college or above",1,2.56,"Born in 50 US states or Washington, DC",2
0,0,1,38,"Other",0,"Some college or above",1,4.83,"Born in 50 US states or Washington, DC",4
1,0,1,41,"Non-Hispanic Black",0,"Some college or above",0,0.17,"Born in 50 US states or Washington, DC",1
0,1,2,77,"Non-Hispanic White",0,"Some college or above",1,2.79,"Born in 50 US states or Washington, DC",2
0,0,2,53,"Other Hispanic",0,"Some college or above",0,1.47,"Other",1
0,0,1,36,"Non-Hispanic White",0,"Some college or above",1,5,"Born in 50 US states or Washington, DC",3
1,0,1,62,"Non-Hispanic White",0,"Some college or above",0,5,"Born in 50 US states or Washington, DC",1
0,0,2,31,"Other Hispanic",0,"Less than high school degree",1,2.69,"Born in 50 US states or Washington, DC",6
1,0,2,80,"Non-Hispanic White",0,"Some college or above",1,4.06,"Born in 50 US states or Washington, DC",2
0,0,1,59,"Non-Hispanic White",0,"Some college or above",0,3.58,"Born in 50 US states or Washington, DC",3
0,0,2,66,"Non-Hispanic White",0,"Some college or above",1,5,"Born in 50 US states or Washington, DC",2
0,0,2,30,"Non-Hispanic White",0,"Some college or above",1,5,"Born in 50 US states or Washington, DC",2
0,1,1,46,"Non-Hispanic White",0,"High school",0,2.18,"Born in 50 US states or Washington, DC",2
0,0,2,68,"Non-Hispanic Black",0,"High school",0,1.17,"Born in 50 US states or Washington, DC",5
0,0,1,58,"Non-Hispanic White",0,"Some college or above",1,3.55,"Born in 50 US states or Washington, DC",2
0,1,1,55,"Non-Hispanic White",1,"High school",0,0.96,"Born in 50 US states or Washington, DC",1
1,1,1,71,"Non-Hispanic Black",0,"Less than high school degree",0,1.18,"Born in 50 US states or Washington, DC",1
0,0,2,39,"Other Hispanic",0,"Less than high school degree",1,0.01,"Other",7
1,1,2,54,"Non-Hispanic White",0,"Some college or above",1,3.02,"Born in 50 US states or Washington, DC",2
1,0,2,49,"Non-Hispanic White",0,"Some college or above",0,5,"Other",4
0,0,2,55,"Other Hispanic",0,"Some college or above",1,5,"Born in 50 US states or Washington, DC",2
0,0,2,63,"Non-Hispanic White",0,"Some college or above",0,5,"Born in 50 US states or Washington, DC",2
0,0,1,27,"Non-Hispanic White",0,"Some college or above",0,4.6,"Born in 50 US states or Washington, DC",3
1,0,1,68,"Non-Hispanic White",0,"Some college or above",1,5,"Born in 50 US states or Washington, DC",2
1,0,2,63,"Non-Hispanic White",0,"Some college or above",1,5,"Born in 50 US states or Washington, DC",2
0,0,1,59,"Non-Hispanic White",1,"High school",0,1.65,"Born in 50 US states or Washington, DC",1
0,0,2,50,"Non-Hispanic White",0,"High school",1,2.87,"Born in 50 US states or Washington, DC",2
1,0,1,66,"Non-Hispanic White",0,"Some college or above",0,0.83,"Born in 50 US states or Washington, DC",1
1,0,2,80,"Non-Hispanic White",0,"High school",0,1.36,"Born in 50 US states or Washington, DC",1
0,0,2,41,"Non-Hispanic White",0,"Some college or above",1,4.83,"Born in 50 US states or Washington, DC",5
0,1,2,47,"Non-Hispanic White",0,"High school",1,1.55,"Born in 50 US states or Washington, DC",2
0,0,1,65,"Non-Hispanic White",0,"Some college or above",0,3.77,"Born in 50 US states or Washington, DC",1
0,0,2,33,"Non-Hispanic Black",0,"Some college or above",0,2.73,"Born in 50 US states or Washington, DC",3
0,1,2,42,"Non-Hispanic Black",0,"Less than high school degree",1,2.29,"Born in 50 US states or Washington, DC",2
0,0,2,26,"Non-Hispanic White",0,"Some college or above",0,3.33,"Born in 50 US states or Washington, DC",4
0,0,2,60,"Non-Hispanic Asian",0,"Some college or above",1,5,"Other",2
0,0,2,59,"Other Hispanic",0,"High school",1,2.39,"Born in 50 US states or Washington, DC",3
1,0,2,72,"Non-Hispanic White",0,"Some college or above",1,4.56,"Born in 50 US states or Washington, DC",2
1,0,1,61,"Mexican American",0,"High school",1,3,"Born in 50 US states or Washington, DC",4
1,0,2,74,"Mexican American",0,"Less than high school degree",1,1.49,"Other",6
1,0,2,77,"Non-Hispanic White",0,"Some college or above",0,5,"Born in 50 US states or Washington, DC",1
0,1,2,36,"Non-Hispanic Black",0,"Less than high school degree",0,0,"Born in 50 US states or Washington, DC",1
0,0,2,59,"Non-Hispanic White",0,"Some college or above",1,5,"Born in 50 US states or Washington, DC",4
0,0,2,36,"Other",0,"Some college or above",0,5,"Born in 50 US states or Washington, DC",1
0,0,1,71,"Non-Hispanic White",0,"Some college or above",1,5,"Born in 50 US states or Washington, DC",2
1,0,1,64,"Non-Hispanic White",0,"Some college or above",1,4.67,"Born in 50 US states or Washington, DC",2
1,0,1,62,"Mexican American",0,"Less than high school degree",1,2.09,"Other",4
0,0,1,29,"Non-Hispanic White",0,"Some college or above",0,3.17,"Born in 50 US states or Washington, DC",4
1,0,1,59,"Non-Hispanic White",0,"Some college or above",0,0.18,"Born in 50 US states or Washington, DC",1
0,0,2,60,"Mexican American",0,"Less than high school degree",1,0.66,"Other",2
0,0,2,23,"Non-Hispanic Black",0,"Some college or above",0,2.72,"Other",4
0,0,1,25,"Mexican American",0,"Less than high school degree",0,0.46,"Born in 50 US states or Washington, DC",5
1,0,2,73,"Non-Hispanic Black",0,"Some college or above",1,2.46,"Born in 50 US states or Washington, DC",6
0,1,1,60,"Non-Hispanic White",0,"High school",0,0.88,"Born in 50 US states or Washington, DC",1
0,0,2,55,"Non-Hispanic White",0,"Some college or above",1,5,"Born in 50 US states or Washington, DC",2
1,0,1,73,"Non-Hispanic White",0,"Some college or above",1,5,"Born in 50 US states or Washington, DC",2
0,0,1,28,"Non-Hispanic White",0,"Some college or above",0,4.87,"Born in 50 US states or Washington, DC",1
1,0,2,50,"Other Hispanic",0,"Less than high school degree",0,0,"Other",5
1,0,1,68,"Non-Hispanic White",0,"Some college or above",0,2.21,"Born in 50 US states or Washington, DC",3
0,0,1,20,"Non-Hispanic Black",0,"High school",0,2.17,"Born in 50 US states or Washington, DC",4
0,0,1,50,"Non-Hispanic Black",0,"Less than high school degree",1,0.76,"Other",2
1,1,2,60,"Non-Hispanic White",0,"High school",0,0.98,"Born in 50 US states or Washington, DC",2
0,1,2,45,"Non-Hispanic White",0,"Some college or above",0,0.83,"Born in 50 US states or Washington, DC",2
0,0,2,53,"Non-Hispanic White",0,"Some college or above",1,5,"Born in 50 US states or Washington, DC",3
0,0,2,77,"Non-Hispanic White",0,"Some college or above",1,2.46,"Born in 50 US states or Washington, DC",2
0,0,2,59,"Non-Hispanic White",0,"High school",0,5,"Born in 50 US states or Washington, DC",1
0,0,2,70,"Non-Hispanic White",0,"Some college or above",1,2.18,"Born in 50 US states or Washington, DC",2
0,0,1,24,"Other Hispanic",0,"Some college or above",0,0.74,"Other",1
0,0,2,30,"Non-Hispanic White",0,"Some college or above",0,5,"Born in 50 US states or Washington, DC",3
0,0,2,62,"Non-Hispanic White",0,"High school",1,4.1,"Born in 50 US states or Washington, DC",2
0,0,2,34,"Non-Hispanic White",0,"Some college or above",1,3.52,"Born in 50 US states or Washington, DC",3
0,0,2,25,"Mexican American",0,"Some college or above",0,1.65,"Born in 50 US states or Washington, DC",2
1,0,1,72,"Non-Hispanic White",0,"Some college or above",1,5,"Born in 50 US states or Washington, DC",2
0,0,2,80,"Non-Hispanic White",0,"Some college or above",0,3.57,"Born in 50 US states or Washington, DC",1
0,0,1,24,"Other",0,"Some college or above",0,2.7,"Born in 50 US states or Washington, DC",1
0,0,2,35,"Non-Hispanic White",0,"Some college or above",1,1.51,"Born in 50 US states or Washington, DC",4
0,0,2,26,"Non-Hispanic White",0,"Some college or above",0,0.92,"Born in 50 US states or Washington, DC",5
1,0,1,60,"Non-Hispanic White",0,"Less than high school degree",0,0.69,"Born in 50 US states or Washington, DC",1
0,0,2,47,"Non-Hispanic White",0,"Some college or above",1,5,"Born in 50 US states or Washington, DC",5
0,0,2,62,"Non-Hispanic White",0,"Some college or above",1,4.92,"Born in 50 US states or Washington, DC",2
0,0,1,33,"Non-Hispanic White",0,"Some college or above",1,5,"Born in 50 US states or Washington, DC",4
1,0,2,80,"Non-Hispanic White",0,"High school",1,1.6,"Born in 50 US states or Washington, DC",2
0,0,1,25,"Non-Hispanic Black",0,"Some college or above",0,4.12,"Born in 50 US states or Washington, DC",3
0,0,2,30,"Other",0,"Some college or above",0,1.71,"Born in 50 US states or Washington, DC",5
1,0,2,77,"Non-Hispanic White",0,"Less than high school degree",0,4.94,"Born in 50 US states or Washington, DC",1
1,0,1,60,"Mexican American",0,"Some college or above",0,3.24,"Born in 50 US states or Washington, DC",4
1,0,1,65,"Non-Hispanic Black",1,"Some college or above",0,4.6,"Born in 50 US states or Washington, DC",1
0,0,1,35,"Mexican American",0,"Some college or above",1,5,"Other",2
1,0,1,79,"Non-Hispanic White",1,"High school",1,1.61,"Born in 50 US states or Washington, DC",2
0,0,2,27,"Non-Hispanic Asian",0,"Some college or above",1,5,"Born in 50 US states or Washington, DC",2
1,1,2,67,"Non-Hispanic White",0,"High school",1,3.12,"Born in 50 US states or Washington, DC",3
1,1,2,64,"Non-Hispanic White",0,"High school",1,0.63,"Born in 50 US states or Washington, DC",2
0,1,2,74,"Other",0,"Some college or above",0,1.8,"Born in 50 US states or Washington, DC",2
1,0,2,37,"Non-Hispanic White",0,"Some college or above",0,5,"Other",2
0,0,1,34,"Mexican American",0,"Less than high school degree",1,1.26,"Other",4
1,0,1,65,"Non-Hispanic White",0,"Some college or above",0,3.29,"Born in 50 US states or Washington, DC",1
0,0,1,59,"Non-Hispanic White",0,"Some college or above",1,5,"Other",2
0,0,1,34,"Non-Hispanic White",0,"Some college or above",1,5,"Born in 50 US states or Washington, DC",2
0,0,1,37,"Non-Hispanic Black",0,"Some college or above",0,4.78,"Born in 50 US states or Washington, DC",1
0,0,2,66,"Other",0,"Some college or above",1,2.62,"Born in 50 US states or Washington, DC",2
0,0,2,72,"Non-Hispanic White",0,"Some college or above",0,2.72,"Born in 50 US states or Washington, DC",1
1,0,2,50,"Non-Hispanic White",0,"Some college or above",0,1.52,"Born in 50 US states or Washington, DC",2
0,0,2,63,"Non-Hispanic White",0,"Some college or above",1,5,"Born in 50 US states or Washington, DC",2
1,0,2,76,"Non-Hispanic White",0,"High school",1,1.26,"Born in 50 US states or Washington, DC",2
0,0,1,41,"Other Hispanic",0,"Some college or above",1,3.37,"Born in 50 US states or Washington, DC",6
0,0,2,28,"Non-Hispanic White",0,"Some college or above",0,3.6,"Born in 50 US states or Washington, DC",3
1,0,2,80,"Non-Hispanic White",0,"High school",1,2.07,"Born in 50 US states or Washington, DC",2
1,0,1,70,"Non-Hispanic White",1,"Some college or above",1,3.39,"Other",2
1,0,2,64,"Non-Hispanic White",0,"High school",1,5,"Born in 50 US states or Washington, DC",2
1,1,1,55,"Non-Hispanic Black",0,"Some college or above",0,0.88,"Born in 50 US states or Washington, DC",1
0,0,2,48,"Non-Hispanic White",0,"Some college or above",0,4.64,"Born in 50 US states or Washington, DC",2
0,1,1,21,"Non-Hispanic White",0,"High school",0,0.31,"Born in 50 US states or Washington, DC",1
1,0,2,67,"Non-Hispanic Asian",0,"Some college or above",1,1.01,"Other",2
0,0,2,37,"Non-Hispanic White",0,"Some college or above",1,5,"Born in 50 US states or Washington, DC",4
1,0,2,79,"Other Hispanic",0,"Some college or above",0,1.43,"Born in 50 US states or Washington, DC",3
1,0,1,52,"Non-Hispanic Asian",0,"Some college or above",1,3.97,"Other",6
0,1,2,60,"Non-Hispanic White",0,"Some college or above",0,2.87,"Born in 50 US states or Washington, DC",2
0,0,2,64,"Non-Hispanic Black",0,"Some college or above",1,4.92,"Born in 50 US states or Washington, DC",2
0,0,2,73,"Mexican American",0,"High school",0,1.32,"Born in 50 US states or Washington, DC",3
0,0,1,80,"Non-Hispanic White",0,"High school",0,2.94,"Born in 50 US states or Washington, DC",1
0,0,2,65,"Non-Hispanic Black",0,"Some college or above",0,5,"Born in 50 US states or Washington, DC",1
1,0,1,74,"Non-Hispanic White",0,"Some college or above",1,5,"Born in 50 US states or Washington, DC",2
1,0,2,71,"Non-Hispanic White",0,"Some college or above",0,5,"Born in 50 US states or Washington, DC",1
0,0,2,22,"Non-Hispanic White",0,"Some college or above",0,1.84,"Born in 50 US states or Washington, DC",1
0,1,2,67,"Mexican American",0,"Some college or above",1,0.85,"Born in 50 US states or Washington, DC",2
0,0,2,23,"Other Hispanic",0,"High school",0,1.34,"Born in 50 US states or Washington, DC",2
0,0,1,21,"Non-Hispanic Asian",0,"High school",0,2.16,"Born in 50 US states or Washington, DC",5
0,1,2,51,"Other",0,"High school",0,2.24,"Born in 50 US states or Washington, DC",2
1,0,2,60,"Non-Hispanic Black",0,"High school",1,3.02,"Born in 50 US states or Washington, DC",4
1,0,2,63,"Non-Hispanic White",0,"Some college or above",1,5,"Born in 50 US states or Washington, DC",2
1,0,2,67,"Non-Hispanic White",0,"High school",1,1.84,"Born in 50 US states or Washington, DC",2
0,1,2,33,"Non-Hispanic White",0,"Some college or above",1,5,"Born in 50 US states or Washington, DC",2
1,0,2,64,"Non-Hispanic White",0,"Some college or above",1,5,"Born in 50 US states or Washington, DC",2
0,0,2,27,"Mexican American",0,"Some college or above",0,1.65,"Other",3
1,1,1,59,"Non-Hispanic White",0,"High school",0,0.72,"Born in 50 US states or Washington, DC",1
0,0,2,32,"Non-Hispanic White",0,"Some college or above",0,5,"Born in 50 US states or Washington, DC",1
1,0,1,77,"Non-Hispanic White",0,"Some college or above",0,5,"Born in 50 US states or Washington, DC",1
1,0,2,80,"Non-Hispanic White",0,"Some college or above",0,2.22,"Other",1
1,0,2,57,"Non-Hispanic White",0,"Some college or above",1,5,"Born in 50 US states or Washington, DC",2
0,0,2,47,"Non-Hispanic Black",0,"Some college or above",0,5,"Born in 50 US states or Washington, DC",1
1,0,2,66,"Mexican American",0,"Less than high school degree",0,0.98,"Other",2
0,0,2,40,"Non-Hispanic White",0,"Some college or above",1,4.32,"Born in 50 US states or Washington, DC",4
1,0,2,67,"Non-Hispanic White",0,"High school",0,0.31,"Born in 50 US states or Washington, DC",1
0,0,2,39,"Non-Hispanic Asian",0,"Some college or above",1,1.62,"Other",1
0,0,2,29,"Non-Hispanic White",0,"Some college or above",0,5,"Born in 50 US states or Washington, DC",3
0,0,1,21,"Non-Hispanic White",0,"High school",0,0.85,"Born in 50 US states or Washington, DC",4
0,0,1,24,"Mexican American",0,"Some college or above",1,1.17,"Born in 50 US states or Washington, DC",2
0,0,2,62,"Other Hispanic",0,"Some college or above",1,2.7,"Other",4
1,0,2,65,"Non-Hispanic Asian",0,"Less than high school degree",1,0.48,"Other",6
1,0,2,53,"Non-Hispanic White",0,"Some college or above",0,4.12,"Born in 50 US states or Washington, DC",1
0,1,2,51,"Non-Hispanic White",0,"Some college or above",0,1.25,"Born in 50 US states or Washington, DC",1
1,0,2,78,"Non-Hispanic Black",0,"Some college or above",0,3,"Born in 50 US states or Washington, DC",4
1,0,1,62,"Non-Hispanic White",0,"Some college or above",1,5,"Born in 50 US states or Washington, DC",2
1,0,1,65,"Non-Hispanic White",0,"Some college or above",1,5,"Born in 50 US states or Washington, DC",2
1,0,2,57,"Non-Hispanic White",0,"Some college or above",0,5,"Born in 50 US states or Washington, DC",1
0,0,1,31,"Mexican American",0,"Some college or above",1,2.33,"Other",2
1,1,1,75,"Non-Hispanic White",0,"Some college or above",1,4.37,"Born in 50 US states or Washington, DC",2
1,0,1,65,"Non-Hispanic White",0,"Some college or above",1,5,"Born in 50 US states or Washington, DC",3
0,0,1,42,"Mexican American",0,"High school",1,1.34,"Other",5
0,0,2,65,"Non-Hispanic White",0,"Some college or above",0,5,"Born in 50 US states or Washington, DC",1
0,0,2,69,"Non-Hispanic White",0,"Some college or above",1,2.54,"Born in 50 US states or Washington, DC",2
0,0,1,80,"Non-Hispanic White",1,"High school",0,0.88,"Born in 50 US states or Washington, DC",1
1,0,1,80,"Non-Hispanic White",1,"Some college or above",1,2.07,"Born in 50 US states or Washington, DC",2
1,1,1,59,"Other Hispanic",1,"Some college or above",0,2.02,"Born in 50 US states or Washington, DC",1
1,0,2,57,"Non-Hispanic White",0,"Some college or above",1,5,"Born in 50 US states or Washington, DC",2
0,0,2,76,"Non-Hispanic White",0,"Some college or above",1,5,"Born in 50 US states or Washington, DC",2
1,0,1,69,"Non-Hispanic White",0,"Some college or above",1,5,"Born in 50 US states or Washington, DC",2
1,0,2,68,"Non-Hispanic White",0,"Some college or above",0,2.58,"Born in 50 US states or Washington, DC",1
1,1,1,43,"Non-Hispanic White",0,"High school",0,0,"Born in 50 US states or Washington, DC",2
1,0,2,62,"Non-Hispanic Asian",0,"High school",1,0.36,"Other",4
0,1,2,68,"Other",0,"High school",0,1.09,"Born in 50 US states or Washington, DC",2
1,1,1,51,"Non-Hispanic White",1,"Some college or above",1,4.22,"Born in 50 US states or Washington, DC",5
0,0,2,67,"Non-Hispanic Asian",0,"Some college or above",1,2.17,"Other",3
0,0,2,54,"Mexican American",0,"Some college or above",1,5,"Born in 50 US states or Washington, DC",2
0,0,1,61,"Non-Hispanic White",0,"High school",0,5,"Born in 50 US states or Washington, DC",1
1,0,2,74,"Non-Hispanic White",0,"Some college or above",0,2.74,"Born in 50 US states or Washington, DC",1
1,0,2,80,"Non-Hispanic White",0,"Some college or above",0,2.21,"Born in 50 US states or Washington, DC",1
0,0,2,63,"Other Hispanic",0,"Some college or above",1,2.16,"Born in 50 US states or Washington, DC",2
1,1,2,66,"Non-Hispanic Black",0,"High school",0,0.91,"Born in 50 US states or Washington, DC",1
0,0,1,57,"Non-Hispanic White",0,"Some college or above",1,4.12,"Other",3
0,0,1,32,"Non-Hispanic Black",0,"High school",1,1.17,"Born in 50 US states or Washington, DC",2
1,0,2,32,"Non-Hispanic Black",0,"Some college or above",0,0.74,"Born in 50 US states or Washington, DC",2
1,1,2,51,"Other",0,"Some college or above",0,2.13,"Born in 50 US states or Washington, DC",1
1,0,1,72,"Non-Hispanic White",0,"High school",1,4.37,"Born in 50 US states or Washington, DC",2
0,0,2,23,"Other",0,"Some college or above",0,1.4,"Born in 50 US states or Washington, DC",2
0,0,2,29,"Other",0,"High school",1,1.04,"Born in 50 US states or Washington, DC",5
0,0,1,57,"Non-Hispanic White",0,"Some college or above",1,5,"Born in 50 US states or Washington, DC",2
0,1,1,70,"Non-Hispanic White",0,"High school",1,2.87,"Born in 50 US states or Washington, DC",2
1,0,1,70,"Other",1,"Some college or above",1,3.04,"Other",2
0,0,2,54,"Non-Hispanic White",0,"Some college or above",1,3.42,"Born in 50 US states or Washington, DC",2
0,1,1,60,"Non-Hispanic White",1,"Some college or above",1,2.33,"Born in 50 US states or Washington, DC",2
1,0,1,44,"Other Hispanic",0,"High school",1,3.6,"Other",4
0,0,2,80,"Non-Hispanic White",0,"High school",0,4.66,"Born in 50 US states or Washington, DC",1
1,0,2,76,"Mexican American",0,"Less than high school degree",0,2.25,"Other",4
0,0,1,50,"Other Hispanic",0,"Some college or above",1,1.95,"Other",3
0,0,1,40,"Other Hispanic",1,"Some college or above",0,3.11,"Born in 50 US states or Washington, DC",5
